Абонент,Дата,Потрачено минут,Потрачено смс,Потрачено трафика
1,2022-05-03,0,0,708
1,2022-05-29,0,1,0
1,2022-06-16,20,0,0
2,2022-03-01,40,0,0
2,2022-03-02,0,1,0
2,2022-03-30,14,0,0
2,2022-04-27,0,0,246
2,2022-05-01,41,0,0
2,2022-05-11,0,1,0
3,2022-04-09,0,2,0
3,2022-06-19,30,0,0
3,2022-06-25,0,2,0
3,2022-06-27,22,0,0
4,2022-03-09,3,0,0
4,2022-03-24,0,0,407
4,2022-03-25,0,0,177
4,2022-04-29,0,2,0
4,2022-06-26,0,0,144
4,2022-06-28,0,0,336
5,2022-03-29,14,0,0
5,2022-04-05,0,1,0
5,2022-04-07,0,2,0
5,2022-04-14,12,0,0
5,2022-04-24,0,0,468
5,2022-06-03,0,0,325
5,2022-06-15,0,2,0
6,2022-03-01,0,2,0
6,2022-03-10,0,1,0
6,2022-03-14,0,2,0
6,2022-03-17,0,0,158
6,2022-03-21,0,2,0
6,2022-03-23,0,2,0
6,2022-03-27,0,2,0
6,2022-04-03,0,0,161
6,2022-04-16,0,2,0
6,2022-04-26,0,0,105
6,2022-05-20,0,0,171
6,2022-06-18,0,1,0
6,2022-06-20,39,0,0
7,2022-04-17,0,0,467
7,2022-05-17,9,0,0
7,2022-05-22,0,1,0
8,2022-03-26,20,0,0
8,2022-04-01,0,1,0
8,2022-05-18,1,0,0
8,2022-05-23,0,2,0
8,2022-05-26,0,0,377
8,2022-06-18,0,2,0
9,2022-04-08,33,0,0
9,2022-04-27,0,0,351
9,2022-05-04,0,0,182
9,2022-05-14,0,2,0
9,2022-05-25,0,1,0
9,2022-05-26,0,1,0
9,2022-06-07,0,2,0
9,2022-06-10,0,0,424
9,2022-06-21,1,0,0
9,2022-06-28,17,0,0
10,2022-03-04,19,0,0
10,2022-05-11,8,0,0
10,2022-05-24,41,0,0
10,2022-05-30,0,0,210
10,2022-06-04,25,0,0
10,2022-06-27,0,0,252
11,2022-03-25,0,2,0
11,2022-03-30,0,0,433
11,2022-04-19,49,0,0
11,2022-05-13,0,0,366
11,2022-06-12,0,0,142
11,2022-06-15,0,0,316
11,2022-06-26,0,2,0
12,2022-03-04,5,0,0
12,2022-03-11,32,0,0
12,2022-04-20,0,1,0
12,2022-04-22,0,2,0
12,2022-06-06,0,0,157
12,2022-06-11,0,0,421
12,2022-06-15,0,1,0
12,2022-06-24,45,0,0
13,2022-04-26,0,0,433
13,2022-05-08,0,2,0
13,2022-05-15,0,0,448
14,2022-03-26,0,0,493
14,2022-04-11,22,0,0
14,2022-04-22,0,0,487
14,2022-04-30,0,1,0
14,2022-05-22,18,0,0
14,2022-06-01,0,1,0
14,2022-06-06,0,0,482
14,2022-06-30,14,0,0
14,2022-07-02,20,0,0
15,2022-03-18,0,0,162
15,2022-03-31,0,0,151
15,2022-04-22,0,2,0
15,2022-04-24,11,0,0
15,2022-05-21,0,1,0
15,2022-06-10,0,0,319
16,2022-03-06,42,0,0
16,2022-03-20,0,1,0
16,2022-04-04,43,0,0
16,2022-05-26,0,1,0
16,2022-06-03,31,0,0
16,2022-06-10,0,0,154
16,2022-06-16,28,2,0
16,2022-06-24,38,0,0
16,2022-07-02,0,0,265
17,2022-04-01,0,1,0
17,2022-04-04,0,1,0
17,2022-04-28,0,0,266
17,2022-05-04,4,0,0
17,2022-05-15,0,0,295
17,2022-06-09,0,1,0
17,2022-06-24,0,0,468
17,2022-06-29,15,0,0
17,2022-06-30,0,0,276
18,2022-03-19,23,0,0
18,2022-03-21,0,0,161
18,2022-03-31,0,2,0
18,2022-04-02,3,0,0
18,2022-04-28,0,2,0
18,2022-05-04,0,0,283
18,2022-05-05,44,0,0
18,2022-06-18,0,0,403
19,2022-03-28,32,0,0
19,2022-04-01,0,1,0
19,2022-04-24,36,0,0
19,2022-05-13,0,0,370
19,2022-05-25,33,0,0
19,2022-06-08,18,0,0
19,2022-06-23,0,1,0
20,2022-05-12,0,0,349
20,2022-06-28,4,0,0
21,2022-03-11,0,0,428
21,2022-03-20,0,0,406
21,2022-03-24,0,1,0
21,2022-04-10,0,0,347
21,2022-04-11,6,0,0
21,2022-06-26,0,0,192
22,2022-03-15,0,1,0
22,2022-03-16,0,0,94
22,2022-03-23,0,2,0
22,2022-03-28,0,1,0
22,2022-05-04,0,0,242
23,2022-03-03,0,2,0
23,2022-03-05,0,1,0
23,2022-04-10,36,0,0
23,2022-04-13,0,1,0
23,2022-05-17,30,0,0
23,2022-05-28,14,0,0
23,2022-06-19,3,0,0
24,2022-03-16,20,0,0
24,2022-03-25,0,0,467
24,2022-04-26,0,1,0
24,2022-05-15,0,0,220
24,2022-05-25,0,0,365
24,2022-06-25,0,0,378
24,2022-06-26,29,0,0
24,2022-07-02,46,0,0
25,2022-03-19,0,0,391
25,2022-04-07,0,2,0
25,2022-04-21,0,1,0
25,2022-05-28,27,0,0
26,2022-03-27,50,0,0
26,2022-04-29,0,0,428
26,2022-05-02,0,0,451
27,2022-03-29,0,0,298
27,2022-04-17,0,2,0
27,2022-04-24,47,0,0
27,2022-05-09,33,0,0
27,2022-05-23,0,2,0
27,2022-06-02,0,0,408
27,2022-06-20,34,0,0
28,2022-05-07,0,1,0
28,2022-05-11,39,0,0
28,2022-05-15,0,2,0
28,2022-05-31,38,0,0
28,2022-06-08,12,0,0
28,2022-06-09,47,0,0
29,2022-03-01,0,0,167
29,2022-03-25,2,0,0
29,2022-05-29,0,0,452
29,2022-06-21,7,0,0
30,2022-03-23,0,2,0
30,2022-04-02,0,0,339
30,2022-05-06,0,0,117
30,2022-05-17,0,0,104
30,2022-05-24,20,0,0
30,2022-06-04,25,0,0
30,2022-06-08,0,2,0
30,2022-06-20,0,1,0
30,2022-07-02,0,0,117
31,2022-03-01,10,0,0
31,2022-03-31,36,0,0
31,2022-04-02,40,0,0
31,2022-04-15,0,2,0
31,2022-04-20,0,1,0
31,2022-04-22,0,1,0
31,2022-05-22,0,2,0
32,2022-03-20,24,0,0
32,2022-05-26,0,1,0
33,2022-03-03,0,0,468
33,2022-03-18,12,0,0
33,2022-04-03,39,0,184
33,2022-04-08,39,0,0
33,2022-04-10,0,0,172
33,2022-04-11,6,0,0
33,2022-06-21,0,1,0
33,2022-06-24,0,2,0
34,2022-03-04,4,0,0
34,2022-03-19,0,1,0
34,2022-04-05,0,2,0
34,2022-05-02,0,0,461
34,2022-05-05,0,1,0
34,2022-06-01,0,0,135
34,2022-07-02,0,0,404
35,2022-04-21,1,0,0
36,2022-03-05,0,2,0
36,2022-04-23,12,0,0
36,2022-04-29,0,0,107
36,2022-05-31,0,2,0
36,2022-06-21,0,1,0
37,2022-03-01,0,0,357
37,2022-04-06,0,1,0
37,2022-05-02,0,0,102
37,2022-06-04,0,0,320
37,2022-06-14,27,0,0
38,2022-03-16,0,0,290
38,2022-03-26,0,2,0
38,2022-04-14,0,0,382
38,2022-05-22,10,0,0
38,2022-05-25,36,0,0
39,2022-03-28,0,0,244
39,2022-06-15,0,0,203
40,2022-03-11,0,1,0
40,2022-03-16,0,0,387
40,2022-05-08,0,0,335
40,2022-05-28,0,0,117
41,2022-05-24,0,1,0
41,2022-06-12,0,0,297
42,2022-03-05,0,1,0
42,2022-03-08,34,0,0
42,2022-03-13,45,0,0
42,2022-03-23,0,1,0
42,2022-04-08,0,2,0
42,2022-05-04,15,0,0
42,2022-05-10,0,1,0
42,2022-05-29,0,1,0
42,2022-06-12,0,0,131
43,2022-03-10,30,2,0
43,2022-03-15,0,0,160
43,2022-03-25,0,1,0
43,2022-04-14,0,0,390
43,2022-04-18,41,0,0
43,2022-04-19,40,0,0
43,2022-04-27,0,1,0
43,2022-05-20,0,1,0
43,2022-06-06,9,0,0
43,2022-06-10,38,0,0
43,2022-06-24,0,0,290
44,2022-03-10,0,2,0
44,2022-03-23,0,2,0
44,2022-04-07,0,1,0
44,2022-05-09,29,0,0
44,2022-06-27,0,2,0
45,2022-03-05,0,0,286
45,2022-03-06,0,1,0
45,2022-04-11,0,1,0
45,2022-05-08,22,0,0
45,2022-06-18,24,0,0
45,2022-06-29,0,0,399
46,2022-04-23,0,1,0
46,2022-04-30,10,0,0
46,2022-05-06,0,2,0
46,2022-07-03,0,2,0
47,2022-06-11,0,1,0
47,2022-06-13,25,0,0
48,2022-03-27,35,0,0
48,2022-03-28,19,0,0
48,2022-04-09,20,0,0
48,2022-04-10,0,1,0
48,2022-04-17,0,0,430
48,2022-05-01,0,0,404
48,2022-05-14,0,2,0
48,2022-06-03,0,0,314
48,2022-06-05,0,0,181
48,2022-07-01,0,1,0
49,2022-03-03,0,1,0
49,2022-03-20,42,0,0
49,2022-03-21,0,2,0
49,2022-03-28,0,1,0
49,2022-06-15,0,2,0
50,2022-03-30,0,0,356
50,2022-04-19,0,0,218
50,2022-05-04,14,0,0
50,2022-06-08,0,1,0
50,2022-06-13,44,0,0
50,2022-06-17,13,0,0
50,2022-06-21,0,2,0
51,2022-03-11,43,0,0
51,2022-04-10,0,2,0
51,2022-05-22,49,0,0
51,2022-06-07,0,0,424
51,2022-06-28,30,0,0
52,2022-03-07,0,0,195
52,2022-03-10,31,0,0
52,2022-03-13,0,0,460
52,2022-03-17,0,0,191
52,2022-04-01,0,2,0
52,2022-06-23,0,2,0
52,2022-07-03,0,0,143
53,2022-03-06,0,0,371
53,2022-03-24,35,0,0
53,2022-05-07,0,0,303
53,2022-05-13,17,0,0
53,2022-05-14,0,0,405
53,2022-05-15,0,0,214
53,2022-05-21,29,0,0
54,2022-03-08,0,0,312
54,2022-03-20,0,1,0
54,2022-04-05,0,2,0
54,2022-04-22,0,0,467
54,2022-04-26,0,0,186
54,2022-05-10,0,0,268
54,2022-05-23,0,0,124
54,2022-06-27,0,1,0
55,2022-03-20,10,0,0
55,2022-04-05,0,0,149
55,2022-05-14,0,1,0
55,2022-05-15,0,1,0
55,2022-05-26,0,0,467
55,2022-06-11,0,2,0
55,2022-06-23,32,0,0
55,2022-06-27,0,1,0
56,2022-03-07,0,0,260
56,2022-03-09,10,0,0
56,2022-03-20,0,2,0
56,2022-03-30,0,0,382
56,2022-04-04,0,2,0
56,2022-04-06,0,2,0
56,2022-06-01,0,2,0
57,2022-05-07,0,0,159
58,2022-05-04,0,0,272
58,2022-05-12,0,0,470
58,2022-06-10,32,0,0
58,2022-07-02,15,0,0
59,2022-03-08,0,0,200
59,2022-03-14,0,1,0
59,2022-03-27,0,0,293
59,2022-04-04,9,0,0
59,2022-04-30,0,1,0
59,2022-05-05,15,0,0
59,2022-05-24,0,1,0
60,2022-03-02,0,2,0
60,2022-04-01,0,0,288
60,2022-04-13,37,0,0
60,2022-04-28,0,0,94
60,2022-05-04,0,0,362
60,2022-05-09,0,0,376
60,2022-05-27,0,2,0
60,2022-06-13,0,1,0
60,2022-07-02,0,0,373
61,2022-03-08,6,0,0
61,2022-03-29,1,0,0
61,2022-04-15,0,2,0
61,2022-04-28,0,2,0
61,2022-05-01,0,2,0
61,2022-05-02,0,0,411
61,2022-05-21,0,0,231
61,2022-06-22,0,1,0
61,2022-07-02,0,2,0
62,2022-03-11,0,2,0
62,2022-03-25,40,0,0
62,2022-04-22,44,0,0
62,2022-04-27,18,0,0
62,2022-06-25,31,0,0
62,2022-06-27,0,1,0
62,2022-06-28,0,2,0
63,2022-03-05,0,1,0
63,2022-04-11,30,0,0
63,2022-04-13,1,0,0
63,2022-05-01,0,0,273
63,2022-06-04,19,0,0
63,2022-06-14,0,1,0
63,2022-06-19,0,1,0
64,2022-03-24,9,0,0
64,2022-04-03,0,1,0
64,2022-04-06,0,1,0
64,2022-04-12,0,0,288
64,2022-04-18,0,0,266
64,2022-05-04,15,0,0
64,2022-05-05,0,1,0
64,2022-05-17,0,0,491
64,2022-06-19,24,0,0
64,2022-06-27,0,0,202
65,2022-03-15,37,0,0
65,2022-03-21,0,1,0
65,2022-05-24,0,2,0
65,2022-06-11,0,0,378
65,2022-06-16,2,0,0
65,2022-06-30,0,0,379
66,2022-03-12,0,0,96
66,2022-03-17,0,0,214
66,2022-03-22,7,0,0
66,2022-04-23,0,2,0
66,2022-05-18,0,0,237
66,2022-06-15,0,1,0
67,2022-03-10,42,0,177
67,2022-03-13,0,0,380
67,2022-03-18,0,0,189
67,2022-04-01,0,0,369
67,2022-04-05,33,0,0
67,2022-05-10,10,0,0
67,2022-05-23,41,0,0
67,2022-06-29,28,0,0
68,2022-03-14,33,2,0
68,2022-03-20,0,0,92
68,2022-04-08,0,2,0
68,2022-04-09,0,0,433
68,2022-04-25,0,1,0
68,2022-05-01,35,0,0
68,2022-05-16,0,2,0
68,2022-06-20,0,0,421
69,2022-03-28,0,1,0
69,2022-03-30,0,2,0
69,2022-04-06,0,2,0
69,2022-06-12,0,1,0
70,2022-03-13,0,0,218
70,2022-04-01,0,0,464
70,2022-05-24,44,0,0
70,2022-05-31,0,2,0
71,2022-03-03,0,2,0
71,2022-03-04,0,2,0
71,2022-03-17,0,0,470
71,2022-04-02,0,2,0
71,2022-04-07,0,0,174
71,2022-04-10,11,0,0
71,2022-06-05,0,2,0
71,2022-06-19,0,1,0
71,2022-06-23,0,2,0
71,2022-07-01,0,2,0
72,2022-03-15,0,0,283
72,2022-03-30,0,0,380
72,2022-04-26,15,0,0
72,2022-05-01,0,1,0
72,2022-06-22,0,2,0
72,2022-06-28,19,0,0
73,2022-03-29,47,0,0
73,2022-04-05,38,0,0
73,2022-04-08,1,0,0
73,2022-04-17,0,0,194
73,2022-04-19,0,0,100
73,2022-04-23,0,0,404
73,2022-04-26,0,2,0
73,2022-05-08,0,1,0
73,2022-05-19,0,0,421
73,2022-06-06,20,0,0
73,2022-06-12,0,0,456
73,2022-06-15,24,0,0
74,2022-03-07,0,2,0
74,2022-03-29,36,0,0
74,2022-04-06,0,0,293
74,2022-04-22,12,0,0
74,2022-05-17,36,0,0
74,2022-06-01,0,0,122
74,2022-06-04,0,0,405
74,2022-06-27,5,0,0
74,2022-06-28,0,1,0
75,2022-03-02,0,2,0
75,2022-03-07,0,2,209
75,2022-03-30,0,0,328
75,2022-04-03,0,0,298
75,2022-04-09,0,0,107
76,2022-04-03,0,0,492
76,2022-04-08,38,0,0
76,2022-04-25,38,0,0
76,2022-05-27,0,2,0
76,2022-05-28,12,0,0
76,2022-07-03,0,1,0
77,2022-03-13,0,0,181
77,2022-03-19,0,2,0
77,2022-04-19,0,2,0
77,2022-05-17,0,1,0
77,2022-05-18,23,0,0
77,2022-05-26,0,1,0
77,2022-06-16,28,0,0
78,2022-03-05,0,0,275
78,2022-03-20,0,0,148
78,2022-03-21,0,2,0
78,2022-06-09,0,2,0
79,2022-03-05,0,1,0
79,2022-04-14,0,2,0
79,2022-05-19,0,1,0
79,2022-06-11,0,0,113
79,2022-06-13,0,2,0
79,2022-06-26,0,2,0
80,2022-03-24,0,0,462
80,2022-03-26,0,1,0
80,2022-04-05,0,0,372
80,2022-04-10,0,1,0
80,2022-05-04,35,0,0
80,2022-06-02,0,1,0
80,2022-06-17,26,0,0
80,2022-06-20,0,0,386
80,2022-06-27,5,0,0
81,2022-03-09,40,0,0
81,2022-03-23,24,0,0
81,2022-04-16,0,0,289
81,2022-04-30,28,0,0
82,2022-03-06,0,0,193
82,2022-04-03,0,2,0
82,2022-05-03,0,0,118
82,2022-05-17,41,0,0
82,2022-06-10,0,0,453
83,2022-03-14,0,0,86
83,2022-03-21,0,0,371
83,2022-05-02,0,2,0
83,2022-05-03,0,2,0
83,2022-05-24,44,0,0
83,2022-06-23,0,0,277
84,2022-03-01,40,0,0
84,2022-03-27,0,0,120
84,2022-04-18,0,0,352
84,2022-05-27,0,2,0
85,2022-04-09,0,2,0
85,2022-06-02,0,0,345
85,2022-06-07,0,1,0
85,2022-06-24,0,0,113
85,2022-06-30,0,1,0
86,2022-04-15,0,2,0
86,2022-04-23,0,2,0
86,2022-06-17,0,1,0
86,2022-06-30,0,0,291
87,2022-03-10,0,0,158
87,2022-04-06,27,0,0
87,2022-04-09,44,0,0
87,2022-05-18,0,2,0
87,2022-05-25,0,0,461
87,2022-05-26,0,1,0
87,2022-05-31,20,0,0
87,2022-06-22,46,0,0
87,2022-06-28,46,0,0
87,2022-07-01,0,2,0
88,2022-03-02,0,1,0
88,2022-03-19,0,2,0
88,2022-03-30,31,0,0
88,2022-04-11,0,0,135
88,2022-05-01,0,2,0
88,2022-06-07,12,0,0
88,2022-06-09,0,0,462
88,2022-06-13,0,0,248
88,2022-06-22,0,1,0
89,2022-03-13,0,2,0
89,2022-03-28,0,0,85
89,2022-04-02,0,0,203
89,2022-07-03,0,0,471
90,2022-03-05,0,0,285
90,2022-03-18,0,1,0
90,2022-04-15,0,2,0
90,2022-04-25,30,0,0
90,2022-05-11,29,0,0
90,2022-06-10,0,0,377
91,2022-03-28,0,2,0
91,2022-04-16,0,0,397
91,2022-04-22,11,0,0
91,2022-05-08,0,0,467
91,2022-05-09,0,1,0
91,2022-05-23,0,0,217
91,2022-06-25,0,1,0
91,2022-06-26,38,0,0
92,2022-03-09,0,2,0
92,2022-04-10,0,0,198
92,2022-04-11,39,0,0
92,2022-04-16,0,4,0
92,2022-04-21,33,0,0
92,2022-05-14,0,0,357
92,2022-05-23,0,2,0
92,2022-06-06,0,0,420
93,2022-05-01,0,0,112
93,2022-05-10,0,1,0
93,2022-05-16,0,0,216
94,2022-03-25,0,2,0
94,2022-04-03,10,0,0
94,2022-04-27,9,0,0
94,2022-05-07,38,0,0
94,2022-05-08,34,0,0
95,2022-03-06,0,1,0
95,2022-03-07,43,0,0
95,2022-03-19,41,0,0
95,2022-04-02,0,1,0
95,2022-05-03,0,0,234
95,2022-06-15,0,1,0
95,2022-06-26,0,1,0
96,2022-05-09,3,0,0
96,2022-06-08,0,0,102
96,2022-06-09,0,1,0
96,2022-06-11,0,0,167
97,2022-03-16,0,0,278
97,2022-03-23,11,0,0
97,2022-04-04,27,0,0
97,2022-05-01,0,1,0
97,2022-05-09,30,0,0
97,2022-05-10,1,0,0
97,2022-05-11,36,0,0
97,2022-06-19,21,0,0
98,2022-04-23,0,0,343
98,2022-04-29,0,0,292
98,2022-06-12,1,0,0
98,2022-06-14,43,0,0
98,2022-06-16,43,0,0
98,2022-06-26,0,0,97
99,2022-03-24,11,0,0
99,2022-04-01,0,2,0
99,2022-04-24,15,2,0
99,2022-05-08,39,0,0
99,2022-05-11,12,0,0
99,2022-06-10,0,0,126
99,2022-06-11,0,1,0
99,2022-06-27,0,0,292
100,2022-03-15,0,2,0
100,2022-03-20,0,2,0
100,2022-03-21,0,2,0
100,2022-03-22,20,0,0
100,2022-03-31,48,0,0
100,2022-04-25,25,0,0
100,2022-05-02,0,0,86
100,2022-05-06,0,0,442
100,2022-05-31,0,1,0
100,2022-06-08,0,0,328
100,2022-06-22,0,1,0
100,2022-06-25,0,0,317
101,2022-03-12,39,0,0
101,2022-03-19,0,0,434
101,2022-04-16,0,2,0
101,2022-05-02,0,0,84
101,2022-05-08,0,2,0
101,2022-05-17,0,2,0
101,2022-05-27,0,0,483
101,2022-05-30,9,0,0
101,2022-06-02,21,0,0
101,2022-06-03,9,0,0
101,2022-06-10,0,0,383
101,2022-07-02,0,0,226
102,2022-03-11,0,2,0
102,2022-03-22,0,0,223
102,2022-05-07,44,0,0
102,2022-05-16,47,0,0
102,2022-06-07,32,0,0
102,2022-06-10,13,0,0
102,2022-06-18,0,1,0
103,2022-03-09,0,2,0
103,2022-03-17,0,2,0
103,2022-04-04,35,0,0
103,2022-05-13,0,0,420
103,2022-06-10,8,0,0
103,2022-06-23,0,1,0
104,2022-03-30,0,0,465
104,2022-04-11,26,0,0
104,2022-05-07,3,0,0
104,2022-05-18,0,0,325
104,2022-05-24,0,0,155
104,2022-06-13,0,0,455
104,2022-07-02,6,0,0
105,2022-03-23,43,0,0
105,2022-03-27,18,0,0
105,2022-04-23,27,0,0
105,2022-04-24,43,0,0
105,2022-04-30,0,0,318
105,2022-05-05,35,0,0
105,2022-05-10,5,0,0
105,2022-05-15,0,1,0
105,2022-06-04,0,2,0
106,2022-04-06,0,2,0
106,2022-05-31,49,0,0
106,2022-06-27,0,0,389
107,2022-03-10,0,0,411
107,2022-03-23,0,0,240
107,2022-04-14,0,2,0
107,2022-04-27,3,0,0
107,2022-05-04,38,0,0
107,2022-06-08,0,2,0
107,2022-06-11,31,0,0
108,2022-03-06,0,1,0
108,2022-03-21,0,1,0
108,2022-03-27,0,0,484
108,2022-04-03,23,0,0
108,2022-05-03,27,0,0
108,2022-06-16,32,0,0
109,2022-03-13,0,0,139
109,2022-03-30,0,1,0
109,2022-03-31,14,0,0
109,2022-04-02,3,0,0
109,2022-05-10,0,1,0
109,2022-05-12,0,1,0
109,2022-05-26,0,1,0
109,2022-06-13,0,1,0
109,2022-07-03,0,0,255
110,2022-04-20,0,0,233
110,2022-04-21,0,0,443
110,2022-05-12,0,0,228
111,2022-03-04,0,0,196
111,2022-03-20,28,0,0
111,2022-03-22,0,2,0
111,2022-03-26,0,2,0
111,2022-05-14,47,0,0
112,2022-03-03,0,0,201
112,2022-03-17,0,1,0
112,2022-03-28,0,1,0
112,2022-03-29,0,1,0
112,2022-04-08,0,0,353
112,2022-04-15,0,1,0
112,2022-04-18,0,2,0
112,2022-05-12,19,0,0
112,2022-06-28,0,0,268
112,2022-06-29,0,0,159
113,2022-03-27,0,0,192
113,2022-05-10,0,2,0
113,2022-05-16,0,1,0
113,2022-06-23,0,2,0
113,2022-06-28,0,2,0
114,2022-03-19,0,2,0
114,2022-04-02,18,0,0
114,2022-04-20,0,0,246
114,2022-04-24,7,0,0
114,2022-04-28,0,0,434
114,2022-05-03,13,0,129
114,2022-06-07,0,2,0
114,2022-06-26,0,0,417
115,2022-03-09,23,0,0
115,2022-04-28,0,0,190
115,2022-05-14,0,2,0
115,2022-06-07,32,0,0
115,2022-06-10,0,0,154
115,2022-06-11,0,0,122
116,2022-03-16,12,0,0
116,2022-03-31,0,2,0
116,2022-05-23,16,0,0
116,2022-06-24,0,1,0
117,2022-05-05,0,1,0
117,2022-05-11,0,1,0
117,2022-05-19,47,0,0
117,2022-06-03,0,0,454
117,2022-06-10,0,0,452
117,2022-06-14,0,0,493
117,2022-06-16,0,0,386
117,2022-06-29,0,2,0
118,2022-05-16,37,0,0
118,2022-06-09,0,0,330
118,2022-07-03,0,1,0
119,2022-03-13,48,0,0
119,2022-03-24,24,0,0
119,2022-05-16,0,2,0
120,2022-03-30,0,0,185
120,2022-05-04,45,0,0
120,2022-05-10,0,1,0
120,2022-05-29,0,2,0
120,2022-06-02,0,0,401
120,2022-06-11,38,0,0
120,2022-07-01,48,0,0
121,2022-03-13,0,2,0
121,2022-03-24,0,2,0
121,2022-04-20,0,1,0
121,2022-05-16,0,2,0
121,2022-05-19,0,0,277
121,2022-06-07,0,2,0
121,2022-06-09,0,1,0
121,2022-06-15,0,2,0
121,2022-06-29,0,1,0
121,2022-07-01,0,1,0
122,2022-03-11,0,1,0
122,2022-03-12,0,0,467
122,2022-03-24,0,0,100
122,2022-03-28,36,0,0
122,2022-04-15,0,0,203
122,2022-04-29,4,0,0
122,2022-05-13,0,0,171
123,2022-03-11,0,0,131
123,2022-04-09,0,2,0
123,2022-05-13,21,0,0
123,2022-05-31,43,0,0
123,2022-06-12,0,1,0
123,2022-06-19,0,0,313
123,2022-06-25,0,0,151
123,2022-07-02,48,0,0
124,2022-03-15,5,0,0
124,2022-03-25,0,2,0
124,2022-04-15,19,0,0
124,2022-06-02,0,1,0
124,2022-06-05,11,0,0
124,2022-06-17,0,0,412
125,2022-04-01,0,0,82
125,2022-04-09,0,1,0
125,2022-06-23,0,2,0
126,2022-03-09,20,0,0
126,2022-04-19,0,0,295
126,2022-04-20,0,0,461
126,2022-04-30,0,0,351
126,2022-06-18,0,0,240
127,2022-03-20,0,0,338
127,2022-03-24,36,0,0
127,2022-03-31,46,0,0
127,2022-04-04,0,0,83
127,2022-05-19,0,0,463
127,2022-05-29,0,1,0
127,2022-06-08,10,0,0
128,2022-03-14,0,0,312
128,2022-04-28,45,0,0
128,2022-05-05,0,0,121
128,2022-05-31,27,0,0
128,2022-06-12,0,0,182
128,2022-06-15,37,0,0
128,2022-06-20,22,0,0
128,2022-06-21,0,2,0
129,2022-04-20,0,0,363
129,2022-05-18,0,0,173
129,2022-06-06,0,2,0
129,2022-06-16,0,2,0
129,2022-06-25,25,0,0
129,2022-06-29,40,0,0
130,2022-03-19,0,0,124
130,2022-03-26,0,2,0
130,2022-04-12,15,0,0
130,2022-06-05,0,0,443
130,2022-06-18,0,0,158
130,2022-06-23,12,0,0
131,2022-04-13,0,2,0
131,2022-05-29,0,0,494
131,2022-06-06,0,0,126
131,2022-06-07,0,2,0
131,2022-06-19,0,0,231
132,2022-03-12,0,1,0
132,2022-03-19,0,1,0
132,2022-03-28,39,0,0
132,2022-04-04,0,1,0
132,2022-04-25,0,0,499
132,2022-05-11,0,0,244
132,2022-05-12,4,0,0
132,2022-05-26,49,0,0
132,2022-06-13,44,0,0
133,2022-03-01,0,2,0
133,2022-04-09,0,1,0
133,2022-04-20,0,2,0
133,2022-04-25,0,0,426
133,2022-05-14,0,2,0
133,2022-05-24,0,2,0
134,2022-03-15,0,1,0
134,2022-05-04,0,0,350
135,2022-03-17,17,0,0
135,2022-03-30,0,0,302
135,2022-04-07,0,0,273
135,2022-04-14,36,0,0
135,2022-04-28,0,0,488
135,2022-05-25,0,0,655
136,2022-03-04,0,2,0
136,2022-03-06,0,0,269
136,2022-03-11,0,1,0
136,2022-03-12,8,0,0
136,2022-03-13,0,1,0
136,2022-03-22,47,0,0
136,2022-04-23,0,2,0
136,2022-05-17,0,0,598
136,2022-05-18,0,0,127
136,2022-06-04,0,2,0
136,2022-06-20,0,1,0
136,2022-07-01,0,0,129
137,2022-03-04,0,0,267
137,2022-03-23,0,2,0
137,2022-04-18,0,0,447
137,2022-05-01,20,0,0
137,2022-05-05,0,0,383
137,2022-05-06,0,2,0
138,2022-04-27,0,2,0
138,2022-05-21,49,0,0
138,2022-06-06,47,0,0
139,2022-03-13,0,0,442
139,2022-05-13,14,0,0
139,2022-05-30,0,0,93
140,2022-03-09,0,1,0
140,2022-04-12,0,1,0
140,2022-04-22,0,1,0
140,2022-04-26,0,2,0
140,2022-05-20,46,0,0
140,2022-06-07,9,2,0
140,2022-06-24,0,2,0
141,2022-05-21,0,0,465
141,2022-06-09,6,0,0
142,2022-03-31,0,0,240
142,2022-04-27,0,0,141
142,2022-05-23,0,2,0
142,2022-06-05,0,2,0
143,2022-03-06,0,1,0
143,2022-04-17,0,0,258
143,2022-05-12,0,1,0
143,2022-05-18,0,1,0
143,2022-06-02,0,2,0
144,2022-03-03,34,0,0
144,2022-03-10,0,0,484
144,2022-03-25,0,0,171
144,2022-04-10,0,0,367
144,2022-04-21,29,0,0
144,2022-05-06,24,0,0
144,2022-05-14,0,2,0
144,2022-05-22,0,1,0
145,2022-03-25,37,0,0
145,2022-03-28,0,1,0
145,2022-04-07,0,2,0
145,2022-05-11,0,1,0
145,2022-06-17,0,0,429
145,2022-06-22,2,0,0
146,2022-03-13,0,2,0
146,2022-04-15,0,0,286
146,2022-04-23,0,1,0
146,2022-05-17,0,2,0
146,2022-05-31,0,1,0
146,2022-06-04,27,0,0
147,2022-05-04,0,1,0
147,2022-05-25,0,1,0
147,2022-06-16,32,0,0
147,2022-06-18,0,2,0
148,2022-03-11,0,1,0
148,2022-03-21,0,2,0
148,2022-03-31,0,1,0
148,2022-04-14,0,0,102
148,2022-07-03,0,0,346
149,2022-03-06,0,0,203
149,2022-03-14,38,0,0
149,2022-04-28,0,2,0
149,2022-05-20,0,0,355
149,2022-05-21,0,2,0
149,2022-05-23,0,0,423
149,2022-06-13,0,0,185
150,2022-03-17,36,0,0
150,2022-04-06,0,2,0
150,2022-04-14,32,0,0
150,2022-04-21,0,0,279
150,2022-04-28,0,0,375
150,2022-06-02,15,0,0
150,2022-06-12,0,1,0
150,2022-06-22,25,0,0
151,2022-03-07,0,0,285
151,2022-04-17,32,0,0
151,2022-05-26,26,0,0
152,2022-03-13,35,0,0
152,2022-03-15,3,0,0
152,2022-03-18,28,0,0
152,2022-04-13,0,2,0
152,2022-04-27,0,2,0
152,2022-05-28,0,2,0
152,2022-06-22,0,0,448
153,2022-03-12,32,0,0
153,2022-04-21,0,2,0
153,2022-04-29,0,1,0
153,2022-05-16,0,0,104
153,2022-06-01,0,2,0
153,2022-06-04,16,0,0
153,2022-06-08,0,0,418
153,2022-06-15,0,1,0
154,2022-03-18,0,0,395
154,2022-03-19,0,0,474
154,2022-03-29,36,0,0
154,2022-05-13,0,1,0
155,2022-03-26,0,2,0
155,2022-04-04,19,0,0
155,2022-04-13,0,2,0
155,2022-06-11,0,0,403
156,2022-05-04,0,2,0
157,2022-04-11,30,0,0
157,2022-04-17,26,0,0
157,2022-04-24,30,0,0
157,2022-05-31,41,0,0
157,2022-06-04,0,0,223
158,2022-03-18,0,0,287
158,2022-04-14,0,1,0
158,2022-06-20,0,1,0
158,2022-06-29,0,0,492
159,2022-03-03,0,0,464
159,2022-04-25,0,2,0
159,2022-06-19,0,0,470
159,2022-06-21,0,2,0
160,2022-03-25,0,2,0
160,2022-05-23,0,1,0
161,2022-03-02,0,0,319
161,2022-03-09,0,1,0
161,2022-03-17,0,1,0
161,2022-03-22,0,1,0
161,2022-04-08,0,0,340
161,2022-05-22,16,0,0
161,2022-05-29,24,0,0
161,2022-07-01,0,2,0
162,2022-03-06,0,0,277
162,2022-03-09,0,2,0
162,2022-03-12,0,0,428
162,2022-04-01,0,0,102
162,2022-04-23,0,0,226
162,2022-05-09,41,0,0
162,2022-05-27,0,0,349
162,2022-06-24,7,0,0
162,2022-06-25,0,0,90
163,2022-04-06,0,0,438
163,2022-05-05,23,0,0
163,2022-05-21,0,2,0
163,2022-06-07,0,1,0
163,2022-06-25,0,1,0
164,2022-03-08,35,0,0
164,2022-03-18,47,0,0
164,2022-05-28,5,0,0
164,2022-06-16,40,0,0
164,2022-06-29,0,2,0
164,2022-07-03,0,0,386
165,2022-03-03,0,0,309
165,2022-04-10,47,0,0
165,2022-05-06,0,1,0
165,2022-05-21,0,2,0
165,2022-05-25,0,2,0
165,2022-06-06,0,0,300
166,2022-03-08,35,0,0
166,2022-04-04,0,0,85
166,2022-04-05,0,0,176
166,2022-04-21,0,0,493
166,2022-05-01,0,1,0
166,2022-05-03,0,0,344
166,2022-05-09,27,0,0
166,2022-06-02,42,0,0
167,2022-03-15,0,0,167
167,2022-04-09,0,1,0
167,2022-04-15,5,0,0
167,2022-04-30,43,0,0
167,2022-05-09,0,1,0
167,2022-06-01,38,0,0
167,2022-06-06,0,2,0
167,2022-06-22,0,1,214
168,2022-03-07,0,0,131
168,2022-04-05,49,0,0
168,2022-04-25,0,1,0
168,2022-06-21,0,2,0
169,2022-03-07,47,0,0
169,2022-06-13,2,0,0
169,2022-06-19,0,1,0
170,2022-03-11,0,0,89
170,2022-05-21,11,0,0
170,2022-06-08,0,0,427
171,2022-03-29,38,0,0
171,2022-04-06,31,0,0
171,2022-04-08,28,0,0
171,2022-04-15,0,0,243
171,2022-05-03,10,0,0
171,2022-05-05,0,0,199
171,2022-05-16,0,0,275
171,2022-06-08,24,0,0
171,2022-06-12,0,1,0
171,2022-06-16,0,2,0
172,2022-03-23,44,0,0
172,2022-05-10,0,0,418
172,2022-06-10,0,0,322
172,2022-06-17,0,0,402
172,2022-07-03,0,1,0
173,2022-03-02,0,0,167
173,2022-03-06,43,0,0
173,2022-04-01,9,0,0
173,2022-04-11,0,0,372
173,2022-05-15,12,0,0
173,2022-05-18,16,0,0
173,2022-05-27,0,2,0
173,2022-05-28,0,0,416
174,2022-05-25,12,0,0
174,2022-05-30,0,2,0
174,2022-06-20,39,0,0
175,2022-03-04,0,0,99
175,2022-04-16,0,2,0
175,2022-04-22,0,0,488
175,2022-06-03,6,0,0
176,2022-04-07,0,1,0
176,2022-04-20,0,0,344
176,2022-04-21,39,0,0
176,2022-05-16,0,1,0
176,2022-06-17,47,0,0
176,2022-06-30,0,1,0
177,2022-04-03,0,1,0
177,2022-06-01,0,2,0
177,2022-06-30,0,0,325
178,2022-04-12,18,0,0
178,2022-04-23,0,0,231
178,2022-05-05,0,0,123
178,2022-05-07,0,0,146
178,2022-05-20,0,0,479
178,2022-05-30,0,2,0
178,2022-05-31,0,0,252
178,2022-06-14,48,0,0
179,2022-03-16,0,0,198
179,2022-03-30,0,1,0
179,2022-04-20,0,0,167
179,2022-04-24,0,0,126
179,2022-05-18,12,0,0
179,2022-05-28,0,1,0
179,2022-05-30,13,0,0
179,2022-06-14,0,0,415
179,2022-06-16,0,0,140
179,2022-06-20,23,0,0
180,2022-03-14,0,0,488
180,2022-05-08,0,1,0
180,2022-06-21,0,0,238
180,2022-07-01,0,0,267
181,2022-03-03,0,2,0
181,2022-03-07,0,0,448
181,2022-03-22,19,0,0
181,2022-04-02,0,2,0
181,2022-05-05,0,0,490
182,2022-04-15,3,0,0
182,2022-04-28,8,0,0
182,2022-05-09,40,0,0
182,2022-06-22,47,0,0
182,2022-06-30,0,0,483
183,2022-03-09,7,0,0
183,2022-05-12,36,0,0
183,2022-06-12,22,0,0
184,2022-03-01,0,0,336
184,2022-03-06,0,0,334
184,2022-03-16,46,0,0
184,2022-03-18,0,1,0
184,2022-04-20,0,2,0
184,2022-05-03,34,0,0
184,2022-05-13,0,0,489
184,2022-05-29,0,0,359
184,2022-06-04,6,0,0
185,2022-03-09,0,1,0
185,2022-03-29,29,0,0
185,2022-04-01,0,2,0
185,2022-04-25,44,0,0
186,2022-03-03,16,0,0
186,2022-04-22,3,0,0
186,2022-04-24,0,2,0
186,2022-05-02,0,0,333
186,2022-06-04,0,2,0
186,2022-06-27,2,0,0
187,2022-04-12,9,0,0
187,2022-05-08,12,0,0
187,2022-05-27,0,2,0
187,2022-06-01,12,0,0
187,2022-06-19,26,0,0
187,2022-06-26,0,1,0
188,2022-03-29,0,0,398
188,2022-04-17,0,0,194
188,2022-05-29,49,0,0
188,2022-06-15,0,0,435
189,2022-03-07,0,0,108
189,2022-03-14,0,0,91
190,2022-05-17,0,1,0
190,2022-05-22,0,2,0
191,2022-03-09,0,0,96
191,2022-04-08,19,0,0
191,2022-05-27,0,2,0
191,2022-06-12,0,2,0
191,2022-06-16,0,1,0
191,2022-06-20,0,0,354
192,2022-03-31,0,1,0
192,2022-04-07,0,1,0
192,2022-05-09,0,0,486
192,2022-06-17,0,2,0
193,2022-03-06,0,0,722
193,2022-06-05,0,1,0
193,2022-06-14,0,2,0
194,2022-04-29,0,0,134
195,2022-03-18,0,2,0
195,2022-04-22,0,0,361
195,2022-04-28,16,0,0
195,2022-05-08,0,2,0
195,2022-05-16,0,0,196
195,2022-05-22,0,0,266
195,2022-05-29,0,0,128
196,2022-03-02,0,0,498
196,2022-03-27,0,0,351
196,2022-04-24,11,0,0
196,2022-05-14,0,0,87
196,2022-06-12,0,2,0
197,2022-03-04,47,0,0
197,2022-05-09,0,0,492
197,2022-05-14,0,2,0
197,2022-05-23,3,0,0
197,2022-06-10,0,0,480
198,2022-03-17,33,0,0
198,2022-03-24,0,0,345
198,2022-06-15,0,2,0
199,2022-03-15,0,0,263
199,2022-03-31,0,1,0
199,2022-04-01,0,2,0
199,2022-06-01,0,1,0
199,2022-06-05,19,0,0
199,2022-06-10,0,0,226
200,2022-03-03,26,0,0
200,2022-03-29,0,0,381
200,2022-04-09,4,0,0
200,2022-04-12,29,0,0
200,2022-05-05,0,0,387
200,2022-05-08,0,0,337
200,2022-05-18,19,0,0
200,2022-06-09,22,0,0
200,2022-06-17,29,0,0
201,2022-03-21,29,0,0
201,2022-03-30,0,1,0
201,2022-04-06,0,0,204
201,2022-04-18,33,0,0
201,2022-05-13,0,2,0
201,2022-05-22,0,0,221
202,2022-04-02,23,0,0
202,2022-05-16,0,0,327
202,2022-06-13,0,2,0
202,2022-07-01,48,0,0
202,2022-07-02,0,0,459
203,2022-03-22,0,2,0
203,2022-04-18,0,0,265
203,2022-04-20,8,0,0
203,2022-05-24,0,0,499
203,2022-05-28,36,0,0
203,2022-06-02,0,0,275
203,2022-06-10,36,0,0
204,2022-03-31,0,0,242
204,2022-05-07,0,2,0
204,2022-05-15,0,0,218
204,2022-05-18,0,2,0
204,2022-05-27,0,0,445
205,2022-03-17,0,1,0
205,2022-03-23,0,0,123
205,2022-03-26,0,2,0
205,2022-05-07,0,1,0
205,2022-05-14,0,0,182
205,2022-05-30,0,0,392
206,2022-04-05,43,0,0
206,2022-06-04,0,1,0
206,2022-06-14,0,1,0
206,2022-06-23,39,0,0
207,2022-03-02,0,0,468
207,2022-03-18,27,0,0
207,2022-05-18,33,0,0
208,2022-03-13,0,0,378
208,2022-05-09,0,1,0
208,2022-05-18,0,0,157
208,2022-05-22,0,0,430
208,2022-05-28,0,0,105
208,2022-06-25,0,1,0
209,2022-03-07,0,2,0
209,2022-03-30,0,0,328
209,2022-04-01,30,0,0
209,2022-05-15,0,1,0
210,2022-03-09,34,0,0
210,2022-04-29,0,0,499
210,2022-06-21,0,1,0
210,2022-06-29,0,2,0
211,2022-03-10,0,1,0
211,2022-03-16,0,0,437
211,2022-03-26,0,1,0
211,2022-04-08,0,0,385
211,2022-04-14,18,0,0
211,2022-04-23,0,2,0
212,2022-03-03,12,0,0
212,2022-04-18,0,2,0
212,2022-06-09,0,0,374
212,2022-06-18,8,0,0
212,2022-06-19,26,0,0
213,2022-03-02,0,0,460
213,2022-04-18,27,0,0
213,2022-04-27,0,0,334
213,2022-05-15,0,0,91
213,2022-05-17,0,1,0
214,2022-04-30,0,2,0
214,2022-05-29,0,1,0
214,2022-06-01,0,1,0
214,2022-06-04,24,0,0
214,2022-06-09,0,1,0
214,2022-06-27,0,0,203
214,2022-06-28,0,1,0
214,2022-06-30,0,2,0
215,2022-03-27,18,0,0
215,2022-04-01,0,1,0
215,2022-04-12,9,0,0
215,2022-04-22,0,2,0
215,2022-07-03,0,0,196
216,2022-04-07,0,0,335
218,2022-03-10,0,0,105
218,2022-04-04,0,0,328
218,2022-04-15,0,0,256
218,2022-05-05,0,2,0
218,2022-05-11,0,2,0
218,2022-05-15,19,0,0
218,2022-05-22,0,1,0
218,2022-06-01,35,0,0
218,2022-06-05,0,0,131
218,2022-06-12,0,1,0
218,2022-06-29,16,0,0
219,2022-03-05,0,0,137
219,2022-03-13,0,0,310
219,2022-04-08,33,0,0
219,2022-04-17,16,0,0
219,2022-04-26,0,0,131
219,2022-06-18,45,0,0
219,2022-06-28,7,0,0
220,2022-03-07,32,0,0
220,2022-03-13,16,0,0
220,2022-03-27,0,2,0
220,2022-04-25,12,0,0
220,2022-05-06,8,0,0
220,2022-05-22,0,0,352
220,2022-05-25,15,0,361
220,2022-05-28,32,0,0
220,2022-06-05,0,0,471
220,2022-06-08,0,1,0
220,2022-06-29,0,0,290
221,2022-04-13,0,1,0
221,2022-05-18,0,0,320
221,2022-06-02,0,0,224
222,2022-03-18,32,0,0
222,2022-04-10,0,1,0
222,2022-04-14,0,0,310
222,2022-04-16,19,0,0
222,2022-04-18,0,1,0
222,2022-05-17,43,0,0
222,2022-06-08,40,2,0
222,2022-07-02,16,0,0
223,2022-03-02,30,0,0
223,2022-03-12,0,0,441
223,2022-04-28,0,0,177
223,2022-05-08,19,0,0
223,2022-06-24,24,0,0
223,2022-07-02,21,0,0
224,2022-03-08,0,0,490
224,2022-03-12,0,1,0
224,2022-03-18,0,0,323
224,2022-03-22,0,2,0
224,2022-04-07,27,0,0
224,2022-04-27,16,0,0
224,2022-05-19,0,0,352
224,2022-06-02,0,1,0
225,2022-03-10,0,1,0
225,2022-03-29,28,0,0
225,2022-04-04,0,2,0
225,2022-04-09,0,2,0
225,2022-05-07,0,1,0
225,2022-05-21,0,2,0
225,2022-05-22,0,0,432
226,2022-03-06,0,2,0
226,2022-03-10,0,0,159
226,2022-03-28,0,1,0
226,2022-03-30,9,0,0
226,2022-04-03,0,1,0
226,2022-04-15,0,1,204
226,2022-04-19,32,0,0
226,2022-05-14,0,1,0
226,2022-05-27,0,2,0
227,2022-03-06,42,0,0
227,2022-03-22,10,0,0
227,2022-04-02,9,0,0
227,2022-04-13,0,0,178
227,2022-04-26,5,0,0
227,2022-05-20,24,0,0
227,2022-06-03,0,0,187
227,2022-07-01,0,0,399
228,2022-03-13,0,2,0
228,2022-03-15,14,0,0
228,2022-03-16,0,1,0
228,2022-04-06,0,2,0
228,2022-05-17,33,0,0
228,2022-06-09,0,1,0
228,2022-06-16,0,2,0
228,2022-06-25,0,0,146
229,2022-04-18,5,0,0
229,2022-05-05,0,1,0
229,2022-05-30,0,0,147
229,2022-06-03,0,0,340
230,2022-03-20,0,0,446
230,2022-04-03,17,0,0
230,2022-04-12,30,0,0
230,2022-06-03,0,1,0
230,2022-06-26,0,0,265
231,2022-04-13,0,0,192
231,2022-05-13,27,0,0
231,2022-05-21,9,0,0
231,2022-06-23,0,0,366
232,2022-04-16,45,0,0
232,2022-04-23,0,0,147
232,2022-04-28,18,0,0
232,2022-06-22,19,0,0
233,2022-05-09,0,1,0
233,2022-05-11,0,2,0
233,2022-05-14,0,0,336
233,2022-05-16,0,1,0
233,2022-05-21,0,2,0
233,2022-06-04,0,1,0
233,2022-06-13,0,0,355
233,2022-06-14,0,0,220
233,2022-07-02,0,0,88
234,2022-03-24,0,0,127
234,2022-05-23,11,0,0
234,2022-06-08,7,0,0
234,2022-06-18,29,0,0
235,2022-03-14,0,2,0
235,2022-03-17,0,0,228
235,2022-04-09,0,0,389
235,2022-05-05,0,1,0
235,2022-05-11,29,0,0
235,2022-05-25,0,0,487
235,2022-06-20,0,0,401
236,2022-03-07,19,0,0
236,2022-04-24,0,1,0
236,2022-06-03,0,0,422
236,2022-06-20,0,1,0
237,2022-03-25,0,0,325
237,2022-04-04,0,1,0
237,2022-04-19,0,0,158
237,2022-05-26,0,1,0
237,2022-06-03,4,0,0
238,2022-03-08,42,0,0
238,2022-03-29,0,0,133
238,2022-04-12,0,0,460
238,2022-04-13,9,0,0
238,2022-04-21,0,0,448
238,2022-06-07,0,1,0
238,2022-06-30,0,1,0
239,2022-03-03,20,0,0
239,2022-03-17,0,0,447
239,2022-03-23,0,0,237
239,2022-03-26,0,0,324
239,2022-04-10,0,1,0
239,2022-05-20,15,0,0
240,2022-03-17,46,0,0
240,2022-04-03,18,0,0
240,2022-04-09,0,0,123
240,2022-04-15,11,0,0
240,2022-05-16,0,2,0
240,2022-05-20,0,0,331
240,2022-06-06,0,2,0
240,2022-06-07,41,0,0
240,2022-06-08,28,0,0
240,2022-06-30,0,0,107
240,2022-07-01,13,0,0
241,2022-04-29,0,0,403
241,2022-05-09,5,0,0
241,2022-05-19,0,2,0
241,2022-05-21,0,1,0
241,2022-05-28,35,0,0
242,2022-03-01,0,2,0
242,2022-03-18,0,1,0
242,2022-04-03,1,0,0
242,2022-05-20,0,0,173
242,2022-05-29,0,0,308
242,2022-06-26,33,0,0
243,2022-03-27,37,0,0
243,2022-04-02,0,0,220
243,2022-04-11,0,2,0
243,2022-05-13,0,2,0
243,2022-05-18,0,2,0
243,2022-05-27,49,0,0
243,2022-06-07,34,0,0
243,2022-06-12,0,1,0
243,2022-06-24,27,0,0
244,2022-03-05,0,0,495
244,2022-03-11,40,0,0
244,2022-03-12,0,0,107
244,2022-03-15,0,0,172
244,2022-03-16,0,2,0
244,2022-03-20,0,1,0
244,2022-03-21,0,2,0
244,2022-04-30,0,2,0
244,2022-05-27,0,0,255
245,2022-03-03,0,1,0
245,2022-03-06,0,1,0
245,2022-04-02,0,1,0
245,2022-04-11,5,0,0
245,2022-04-14,14,0,0
245,2022-04-26,19,0,0
245,2022-05-06,0,0,121
245,2022-05-10,0,2,0
245,2022-06-18,0,0,411
246,2022-03-05,0,1,0
246,2022-03-27,0,2,0
246,2022-04-23,0,1,0
246,2022-04-30,0,1,0
246,2022-07-02,0,2,406
247,2022-03-11,0,0,296
247,2022-03-14,2,0,0
247,2022-03-15,0,0,339
247,2022-04-19,27,0,0
247,2022-05-04,0,1,0
247,2022-05-07,0,1,0
247,2022-05-10,0,1,0
247,2022-06-03,3,0,0
247,2022-06-20,0,0,149
248,2022-04-11,3,0,0
248,2022-04-21,47,0,0
248,2022-05-03,10,0,0
248,2022-05-27,0,1,0
248,2022-05-31,0,1,0
248,2022-06-07,0,2,0
248,2022-06-14,0,2,0
248,2022-06-16,47,0,0
249,2022-03-02,21,0,0
249,2022-03-23,19,0,0
249,2022-06-06,5,0,0
250,2022-03-01,0,0,230
250,2022-03-11,0,1,0
250,2022-04-18,0,1,0
250,2022-05-01,0,1,0
250,2022-05-15,17,0,0
250,2022-06-03,4,0,0
250,2022-06-05,0,2,0
250,2022-06-11,3,0,0
251,2022-03-04,0,2,0
251,2022-03-27,0,2,0
251,2022-04-04,0,0,435
251,2022-04-22,8,0,0
251,2022-05-17,39,0,0
251,2022-05-20,0,2,0
251,2022-05-21,0,0,192
251,2022-06-13,16,0,0
252,2022-03-04,32,0,0
252,2022-03-18,0,2,0
252,2022-04-03,0,0,368
252,2022-04-11,41,0,0
252,2022-06-10,1,0,0
252,2022-06-11,17,0,0
252,2022-06-23,20,0,0
252,2022-06-24,40,0,0
253,2022-03-02,0,2,0
253,2022-03-16,29,0,0
253,2022-03-25,28,0,0
253,2022-04-10,0,2,0
253,2022-06-18,14,0,0
254,2022-03-17,36,0,0
254,2022-04-06,0,0,105
254,2022-04-11,11,0,0
255,2022-03-03,0,0,198
255,2022-06-16,0,0,383
255,2022-06-23,32,0,0
256,2022-03-17,0,0,121
256,2022-04-04,49,0,0
256,2022-04-25,0,0,363
256,2022-06-05,0,2,0
257,2022-03-12,14,0,0
257,2022-03-21,0,2,0
257,2022-04-14,0,0,363
257,2022-04-18,0,1,0
257,2022-04-27,40,0,0
257,2022-04-28,0,0,86
257,2022-05-19,0,0,441
257,2022-06-17,0,1,0
258,2022-04-01,0,2,0
258,2022-04-09,0,2,0
258,2022-05-09,0,1,0
258,2022-05-12,0,0,460
258,2022-05-13,0,1,0
258,2022-06-06,0,0,388
258,2022-06-24,15,0,0
259,2022-05-27,0,0,325
259,2022-05-28,0,1,0
259,2022-05-30,0,0,322
259,2022-06-26,0,0,432
260,2022-03-05,0,0,127
260,2022-03-12,22,0,0
260,2022-04-07,26,0,0
260,2022-04-09,0,2,0
260,2022-05-06,0,1,0
260,2022-06-08,35,0,0
260,2022-06-28,0,0,371
261,2022-03-29,0,0,274
261,2022-04-08,0,0,310
261,2022-04-21,0,2,0
261,2022-05-02,12,0,0
261,2022-05-19,0,0,210
261,2022-05-25,2,0,0
261,2022-06-09,16,0,0
261,2022-06-22,0,0,474
261,2022-06-25,0,2,0
261,2022-07-01,0,1,0
262,2022-03-04,0,2,0
262,2022-03-15,7,0,0
262,2022-04-21,0,0,260
262,2022-04-30,0,1,0
262,2022-05-01,0,1,0
263,2022-04-26,0,1,0
263,2022-05-25,0,2,0
263,2022-06-13,0,2,0
264,2022-04-07,45,0,0
264,2022-05-09,8,0,0
264,2022-05-14,40,0,0
264,2022-05-24,26,0,0
264,2022-05-29,43,0,0
264,2022-06-21,21,0,0
265,2022-05-16,39,0,0
265,2022-06-01,26,0,0
266,2022-04-09,0,2,0
266,2022-05-17,0,1,0
267,2022-03-25,0,0,419
267,2022-04-13,49,0,0
267,2022-04-19,8,0,0
267,2022-05-29,0,2,0
267,2022-06-12,0,0,203
268,2022-03-04,36,0,0
268,2022-04-24,0,0,295
268,2022-04-27,0,0,369
268,2022-06-26,0,1,0
269,2022-03-24,29,0,0
269,2022-05-09,0,0,452
269,2022-05-23,0,0,334
269,2022-05-27,0,0,118
269,2022-06-01,0,2,0
269,2022-06-07,0,0,174
269,2022-06-21,1,0,0
270,2022-05-09,38,0,0
270,2022-06-25,0,2,0
271,2022-03-09,0,2,0
271,2022-05-13,45,0,0
271,2022-06-23,0,2,0
272,2022-03-04,14,0,0
272,2022-04-15,15,0,0
272,2022-04-20,21,0,0
272,2022-05-22,0,1,428
272,2022-05-31,49,0,0
272,2022-06-05,46,0,0
273,2022-03-08,0,2,0
273,2022-03-09,0,2,0
273,2022-03-25,0,1,0
273,2022-03-28,0,0,407
273,2022-04-06,0,2,0
273,2022-05-19,0,0,237
274,2022-03-08,0,0,309
274,2022-03-14,7,0,0
274,2022-04-13,0,2,0
274,2022-04-20,33,0,0
274,2022-06-01,0,0,360
274,2022-06-14,0,0,197
274,2022-06-24,0,0,170
274,2022-06-25,0,0,339
274,2022-07-03,0,0,136
275,2022-03-10,0,0,98
275,2022-03-22,0,0,103
275,2022-04-13,7,0,0
275,2022-05-06,0,0,401
275,2022-05-23,33,0,0
275,2022-06-12,44,0,0
276,2022-04-06,0,0,473
276,2022-04-17,0,0,494
276,2022-04-25,29,0,0
276,2022-05-10,0,0,701
276,2022-05-17,0,0,496
276,2022-06-13,49,0,0
277,2022-03-08,0,2,0
277,2022-03-23,0,2,0
277,2022-03-24,17,0,0
277,2022-04-10,3,0,0
277,2022-05-01,0,1,0
277,2022-05-07,33,0,0
277,2022-05-10,43,0,0
277,2022-05-11,0,1,0
277,2022-05-12,0,0,308
277,2022-05-24,0,0,122
277,2022-06-25,0,0,455
278,2022-03-01,49,0,0
278,2022-03-22,13,0,0
278,2022-03-30,30,0,0
278,2022-04-11,0,2,0
278,2022-05-19,0,0,352
279,2022-04-30,0,0,207
280,2022-03-01,0,1,0
280,2022-03-05,0,2,0
280,2022-04-04,0,1,0
280,2022-05-08,0,0,180
281,2022-03-06,25,0,0
281,2022-03-09,0,0,209
281,2022-03-16,0,1,0
281,2022-03-20,49,0,0
281,2022-04-24,0,1,0
281,2022-05-01,26,0,0
282,2022-03-07,29,0,0
282,2022-04-21,0,2,0
282,2022-04-30,0,0,404
282,2022-05-14,6,0,0
282,2022-07-03,27,0,0
283,2022-03-02,0,0,319
283,2022-03-08,0,0,429
283,2022-03-14,0,2,0
283,2022-05-03,7,0,0
283,2022-05-15,0,1,0
283,2022-06-22,0,0,430
284,2022-03-10,4,0,0
284,2022-03-12,0,2,0
284,2022-04-20,25,0,0
284,2022-04-26,0,0,364
284,2022-05-11,1,0,0
284,2022-05-29,0,0,453
284,2022-05-30,0,2,0
284,2022-06-05,0,0,368
285,2022-04-07,0,0,320
285,2022-05-03,0,0,127
285,2022-05-12,32,0,181
286,2022-03-12,8,0,0
286,2022-03-22,7,0,0
286,2022-04-01,0,1,0
286,2022-06-17,0,2,0
286,2022-06-28,0,0,448
287,2022-04-19,15,1,0
287,2022-04-20,0,0,222
287,2022-04-30,0,0,308
287,2022-05-07,0,2,0
287,2022-05-19,0,1,0
287,2022-06-09,32,0,0
287,2022-06-22,5,0,0
287,2022-06-26,0,2,0
288,2022-04-02,0,0,430
288,2022-05-15,0,0,200
289,2022-04-07,0,0,900
289,2022-04-10,20,0,0
289,2022-05-11,0,0,495
289,2022-05-13,0,1,0
290,2022-03-01,0,0,380
290,2022-03-02,0,1,0
290,2022-03-05,28,0,0
290,2022-04-16,26,0,0
290,2022-05-07,26,0,0
290,2022-05-16,4,0,0
290,2022-06-08,23,0,0
290,2022-06-16,0,1,0
290,2022-06-24,0,1,0
290,2022-06-28,19,0,0
290,2022-07-03,0,0,165
291,2022-03-09,48,0,0
291,2022-03-22,0,2,0
291,2022-04-19,41,0,0
291,2022-05-16,0,0,354
291,2022-05-24,0,0,480
291,2022-05-26,0,2,90
291,2022-06-01,0,1,0
291,2022-06-20,0,0,114
291,2022-06-27,31,0,0
291,2022-07-02,34,0,0
293,2022-03-09,0,0,139
293,2022-03-19,0,0,438
293,2022-04-27,14,0,0
293,2022-04-30,47,0,0
293,2022-05-03,14,0,330
293,2022-05-08,0,1,0
294,2022-03-10,0,1,0
294,2022-04-29,6,0,0
294,2022-04-30,0,1,0
294,2022-05-10,0,2,0
294,2022-07-01,8,0,0
295,2022-03-04,36,0,0
295,2022-04-22,0,0,146
295,2022-04-26,0,1,0
295,2022-06-01,0,0,193
295,2022-06-09,20,0,0
296,2022-03-02,44,0,0
296,2022-03-14,0,2,0
296,2022-03-24,0,2,0
296,2022-05-04,0,0,389
296,2022-05-23,0,2,0
296,2022-06-13,23,0,0
296,2022-06-17,0,1,0
296,2022-06-29,0,1,0
297,2022-03-10,0,0,414
297,2022-03-29,0,2,0
297,2022-05-04,0,1,0
297,2022-05-29,0,0,195
297,2022-06-01,0,0,366
298,2022-05-16,0,0,301
298,2022-05-27,0,0,336
298,2022-06-01,45,0,0
299,2022-04-02,0,0,362
299,2022-05-14,0,0,108
299,2022-05-15,0,0,138
299,2022-05-30,47,0,0
299,2022-06-16,37,0,0
300,2022-03-26,0,1,0
300,2022-04-04,0,0,108
300,2022-04-16,0,0,394
300,2022-04-22,0,0,407
300,2022-04-26,0,1,0
300,2022-06-07,18,0,0
301,2022-03-11,0,2,0
301,2022-04-06,0,1,0
301,2022-05-20,0,1,0
301,2022-05-30,17,0,0
302,2022-04-12,0,2,0
302,2022-04-25,4,0,0
302,2022-05-02,0,2,0
302,2022-05-22,0,1,0
302,2022-06-13,0,0,178
303,2022-05-24,0,0,324
304,2022-03-06,33,0,0
304,2022-04-17,0,0,480
304,2022-04-25,0,0,386
304,2022-05-12,52,0,0
304,2022-05-19,0,0,394
304,2022-05-24,35,0,0
304,2022-06-21,19,0,0
305,2022-03-24,37,0,0
305,2022-03-29,37,0,309
305,2022-04-15,0,2,0
305,2022-04-21,5,0,0
305,2022-04-25,0,0,331
305,2022-05-10,0,1,0
306,2022-04-27,0,1,0
306,2022-04-29,0,0,230
306,2022-05-02,17,0,0
306,2022-05-15,0,2,0
307,2022-03-21,0,2,0
307,2022-03-26,0,2,0
307,2022-04-06,0,0,354
307,2022-05-26,0,0,403
307,2022-06-06,0,0,305
307,2022-06-07,0,0,330
307,2022-06-18,9,0,0
307,2022-06-20,0,0,478
307,2022-07-03,36,0,0
308,2022-03-05,0,1,0
308,2022-03-25,0,0,83
308,2022-06-11,0,0,380
309,2022-03-15,0,0,242
309,2022-05-19,0,1,0
309,2022-06-23,0,0,269
310,2022-03-02,21,0,0
310,2022-03-07,0,0,224
310,2022-03-12,15,0,0
310,2022-03-16,34,0,0
310,2022-04-13,0,2,0
310,2022-05-06,0,2,0
310,2022-06-12,0,0,231
310,2022-06-13,0,1,0
310,2022-06-14,0,2,0
310,2022-06-23,0,2,0
310,2022-06-24,41,0,0
310,2022-06-27,24,0,0
310,2022-07-02,0,0,145
311,2022-03-11,0,1,0
311,2022-04-19,12,0,0
311,2022-05-31,0,1,0
311,2022-06-06,36,0,0
311,2022-07-01,0,0,440
312,2022-03-11,0,1,0
312,2022-03-31,0,1,0
312,2022-04-10,0,0,256
312,2022-04-12,0,1,0
312,2022-05-26,0,1,0
312,2022-05-28,5,0,0
312,2022-06-28,0,0,460
313,2022-03-27,0,0,438
313,2022-04-02,43,0,0
313,2022-04-21,0,2,0
313,2022-05-02,0,0,417
313,2022-05-22,28,0,0
313,2022-06-01,0,0,116
313,2022-06-14,0,1,0
313,2022-06-17,8,0,0
314,2022-03-15,18,0,0
314,2022-04-18,0,2,0
314,2022-05-05,8,0,0
314,2022-06-14,0,2,0
314,2022-06-20,0,1,0
314,2022-06-21,0,1,0
315,2022-03-07,0,0,129
315,2022-05-07,0,0,342
315,2022-05-12,0,1,0
315,2022-05-27,3,0,0
315,2022-06-01,0,1,0
315,2022-06-23,3,0,0
315,2022-06-27,0,0,143
316,2022-03-22,0,2,0
316,2022-04-05,0,0,498
316,2022-04-29,0,0,308
316,2022-05-01,0,0,419
316,2022-05-02,25,0,0
316,2022-05-19,0,0,465
316,2022-06-05,0,0,430
317,2022-03-15,0,0,144
317,2022-03-27,25,0,0
317,2022-06-04,0,0,282
317,2022-06-14,0,1,0
317,2022-06-21,0,0,434
317,2022-07-03,11,0,0
318,2022-03-24,48,0,0
318,2022-04-13,0,0,358
318,2022-06-26,0,0,416
318,2022-06-30,0,0,200
319,2022-03-01,11,0,0
319,2022-03-19,0,2,0
319,2022-04-19,0,0,343
319,2022-05-08,42,0,0
319,2022-05-15,37,0,0
319,2022-05-28,5,0,0
319,2022-06-30,0,0,428
320,2022-04-05,28,0,0
320,2022-04-08,8,0,0
320,2022-05-02,0,1,0
320,2022-06-03,0,2,0
320,2022-06-12,0,1,0
320,2022-06-21,36,0,0
321,2022-03-05,19,0,0
321,2022-03-16,23,0,0
321,2022-04-10,7,0,0
321,2022-04-28,0,0,276
321,2022-05-01,0,1,0
321,2022-05-15,0,0,237
321,2022-05-29,0,2,0
321,2022-06-26,21,0,0
322,2022-03-17,0,0,152
322,2022-03-26,0,0,417
322,2022-04-16,0,1,0
322,2022-06-24,0,0,461
322,2022-06-30,29,0,0
323,2022-03-04,0,0,308
323,2022-04-09,9,0,0
323,2022-04-18,9,0,235
323,2022-04-23,5,0,0
323,2022-04-28,31,0,0
323,2022-05-04,5,0,0
323,2022-05-22,0,2,0
323,2022-05-30,0,1,0
324,2022-03-26,13,0,0
324,2022-05-10,0,0,113
324,2022-06-18,29,0,0
325,2022-03-31,0,0,84
325,2022-05-25,0,0,378
325,2022-05-27,47,0,0
325,2022-05-29,0,0,185
325,2022-06-19,0,0,254
326,2022-03-09,4,0,0
326,2022-06-29,40,0,0
327,2022-03-08,0,0,88
327,2022-04-20,0,2,0
327,2022-06-11,0,0,137
328,2022-03-12,0,0,453
328,2022-05-02,0,2,0
328,2022-05-06,39,0,0
328,2022-05-09,0,0,400
328,2022-06-18,0,0,238
328,2022-06-26,0,2,0
328,2022-06-29,46,0,0
329,2022-03-01,0,0,325
329,2022-03-18,0,1,0
329,2022-05-08,23,0,0
329,2022-06-14,40,2,0
330,2022-03-13,0,1,0
330,2022-04-01,0,0,135
330,2022-05-03,0,2,0
330,2022-05-05,35,0,0
330,2022-06-02,0,1,0
331,2022-03-31,25,0,0
331,2022-04-29,0,1,0
331,2022-06-22,0,1,0
332,2022-03-18,0,0,469
332,2022-04-13,0,1,0
332,2022-06-09,14,0,0
332,2022-06-10,0,2,0
333,2022-04-10,0,2,0
333,2022-04-17,0,0,162
333,2022-05-20,18,0,0
333,2022-05-26,0,2,0
333,2022-05-29,0,0,195
333,2022-06-04,0,2,0
333,2022-06-30,0,3,0
334,2022-04-02,0,0,307
334,2022-04-06,45,0,0
334,2022-05-14,0,0,263
334,2022-06-19,0,2,0
334,2022-06-24,39,0,0
335,2022-03-21,3,0,0
335,2022-04-21,0,0,213
335,2022-05-20,0,0,205
335,2022-06-11,0,0,325
335,2022-07-01,0,0,125
336,2022-03-11,0,2,0
336,2022-03-23,11,0,0
336,2022-05-21,10,0,0
336,2022-06-10,0,2,0
337,2022-03-06,0,0,342
337,2022-06-09,34,0,0
338,2022-05-07,0,0,241
338,2022-06-16,1,0,0
338,2022-06-21,0,1,0
339,2022-04-03,48,0,0
339,2022-04-15,0,0,214
339,2022-05-26,31,0,0
339,2022-06-12,26,0,0
339,2022-06-19,0,2,0
340,2022-05-18,14,0,0
340,2022-05-21,42,0,0
341,2022-03-03,0,0,407
341,2022-03-05,0,2,0
341,2022-03-14,1,0,0
341,2022-04-18,30,0,0
341,2022-05-18,0,1,0
341,2022-05-21,0,1,0
341,2022-06-14,0,2,0
341,2022-06-19,15,0,0
342,2022-03-01,0,0,453
342,2022-03-22,0,0,238
342,2022-03-31,43,0,0
342,2022-04-05,0,0,170
342,2022-04-22,10,0,0
342,2022-05-12,38,0,0
342,2022-05-31,0,0,147
343,2022-03-17,0,2,0
343,2022-06-14,0,1,0
343,2022-07-01,4,0,0
344,2022-03-08,0,2,0
344,2022-03-12,0,1,0
344,2022-03-28,35,0,0
344,2022-04-30,0,0,469
344,2022-06-10,10,0,0
345,2022-03-15,0,1,0
345,2022-04-08,0,1,0
345,2022-04-13,0,0,455
345,2022-06-07,0,1,0
345,2022-06-17,0,0,319
345,2022-06-18,0,0,310
345,2022-06-24,0,1,0
346,2022-04-15,0,2,0
346,2022-04-25,0,0,470
346,2022-05-16,0,0,370
346,2022-05-29,37,0,0
346,2022-06-17,41,0,0
346,2022-06-26,0,2,0
347,2022-03-17,31,0,0
347,2022-03-18,0,0,316
347,2022-03-20,0,0,472
347,2022-03-21,0,1,0
347,2022-03-22,0,2,0
347,2022-03-31,0,2,0
347,2022-04-03,0,0,358
347,2022-05-05,0,1,0
347,2022-06-05,0,1,0
347,2022-06-29,0,0,249
348,2022-04-05,0,1,0
348,2022-04-17,0,0,221
348,2022-05-10,33,0,0
348,2022-05-18,49,0,0
349,2022-04-10,0,2,0
349,2022-05-15,25,0,0
349,2022-05-17,0,0,91
349,2022-05-31,29,0,0
349,2022-06-11,0,1,0
350,2022-03-25,0,2,0
350,2022-04-05,0,0,128
350,2022-04-19,0,0,402
350,2022-04-22,22,0,0
350,2022-05-06,0,2,0
350,2022-05-13,28,0,0
350,2022-05-30,0,0,102
351,2022-03-18,0,1,0
351,2022-03-25,8,0,0
351,2022-05-23,0,1,0
352,2022-03-02,0,0,484
352,2022-04-03,22,0,0
352,2022-04-17,0,0,292
352,2022-04-23,30,0,0
352,2022-05-01,0,0,421
352,2022-05-02,0,0,486
352,2022-05-15,0,1,0
352,2022-05-28,0,2,0
352,2022-06-05,26,0,0
352,2022-06-06,0,0,452
352,2022-06-24,0,2,0
353,2022-03-01,0,2,0
353,2022-03-21,6,1,0
353,2022-03-25,43,0,0
353,2022-05-10,38,0,0
353,2022-05-12,0,2,0
353,2022-06-02,27,0,0
353,2022-06-16,0,2,0
354,2022-04-18,22,0,0
354,2022-05-04,26,0,0
354,2022-05-16,3,0,0
354,2022-05-28,24,0,0
354,2022-05-31,0,1,0
354,2022-06-02,0,2,0
354,2022-06-21,4,0,0
354,2022-06-22,43,0,0
354,2022-07-03,0,2,0
355,2022-04-07,42,0,0
355,2022-05-06,35,0,0
355,2022-05-11,3,0,0
356,2022-03-04,0,1,0
356,2022-03-05,17,1,0
356,2022-04-05,0,0,170
356,2022-05-08,0,0,397
356,2022-05-27,0,0,351
356,2022-07-03,4,0,0
357,2022-04-06,31,0,0
357,2022-04-27,0,0,380
357,2022-05-08,0,0,337
357,2022-06-09,0,0,189
357,2022-06-18,0,0,444
357,2022-06-27,0,0,443
358,2022-03-21,0,1,0
358,2022-04-13,0,0,331
358,2022-04-26,0,1,0
358,2022-04-29,0,2,0
358,2022-05-27,22,0,0
358,2022-05-28,49,0,0
359,2022-04-03,0,0,381
359,2022-04-04,49,0,0
359,2022-05-06,26,0,0
359,2022-05-29,0,0,418
359,2022-06-05,0,1,0
359,2022-06-26,47,0,0
360,2022-04-05,17,0,0
360,2022-04-18,0,2,0
360,2022-06-27,21,0,0
361,2022-03-13,15,0,0
361,2022-03-15,16,0,0
361,2022-03-17,0,2,0
361,2022-03-29,0,0,346
361,2022-04-05,0,1,0
361,2022-06-11,0,1,0
361,2022-06-19,0,2,0
362,2022-03-14,0,2,0
362,2022-03-26,23,0,0
362,2022-04-22,0,1,0
362,2022-04-24,0,0,95
362,2022-04-27,0,1,0
362,2022-05-12,0,2,0
362,2022-05-18,0,1,0
362,2022-06-05,0,0,130
362,2022-06-09,0,2,0
362,2022-06-22,4,0,0
363,2022-03-03,0,1,0
363,2022-03-09,21,0,0
363,2022-03-21,0,2,0
363,2022-03-28,33,0,0
363,2022-04-05,0,0,241
363,2022-04-27,27,0,0
363,2022-04-29,20,0,0
363,2022-05-27,0,0,106
363,2022-06-17,0,2,0
363,2022-06-26,37,0,0
364,2022-03-02,24,0,0
364,2022-03-05,4,0,0
364,2022-03-14,0,0,423
364,2022-03-23,0,0,356
364,2022-04-12,0,2,0
364,2022-04-18,0,0,162
364,2022-04-25,38,0,0
364,2022-04-29,0,1,0
364,2022-05-06,0,0,439
365,2022-03-03,0,1,0
365,2022-03-07,0,1,0
365,2022-03-08,13,0,0
365,2022-03-13,0,0,221
365,2022-04-20,0,0,302
365,2022-05-07,0,0,489
365,2022-05-31,4,0,0
366,2022-03-04,44,0,0
366,2022-03-23,38,0,0
366,2022-04-03,0,0,352
366,2022-04-23,0,0,491
366,2022-06-10,0,1,0
366,2022-06-27,0,1,0
366,2022-06-28,0,1,0
367,2022-03-27,39,0,0
367,2022-04-14,0,0,358
367,2022-04-18,0,2,0
367,2022-04-26,0,1,0
367,2022-05-01,0,0,113
367,2022-05-04,0,2,0
367,2022-05-07,9,0,0
367,2022-06-27,0,1,0
368,2022-03-07,0,0,195
368,2022-05-05,11,0,0
368,2022-05-24,10,0,0
368,2022-06-15,44,0,0
368,2022-06-18,43,0,0
368,2022-06-29,0,0,91
369,2022-03-13,0,1,0
369,2022-06-09,0,0,260
369,2022-06-18,0,1,0
369,2022-06-25,9,0,0
369,2022-07-01,0,0,468
370,2022-03-30,0,0,313
370,2022-04-08,0,1,0
370,2022-04-21,22,0,0
370,2022-04-23,0,2,0
370,2022-05-17,0,0,215
370,2022-06-12,0,2,0
370,2022-06-20,0,0,334
370,2022-06-25,0,2,0
371,2022-03-04,0,1,0
371,2022-06-17,0,0,312
371,2022-06-20,0,2,0
372,2022-03-25,9,0,0
372,2022-04-07,0,1,0
372,2022-04-13,23,0,0
372,2022-05-19,0,2,0
372,2022-06-29,0,1,0
373,2022-03-29,43,0,0
373,2022-04-19,0,0,258
373,2022-05-01,0,0,354
373,2022-05-24,14,0,0
373,2022-05-29,0,2,0
373,2022-06-20,0,0,241
374,2022-03-05,22,0,0
374,2022-04-24,0,0,392
374,2022-06-10,0,0,100
374,2022-06-20,22,0,0
375,2022-03-01,0,0,447
375,2022-04-12,0,0,315
375,2022-04-22,0,0,112
375,2022-04-24,0,0,422
375,2022-04-28,17,0,0
375,2022-05-07,0,2,0
376,2022-03-07,0,0,81
376,2022-03-26,0,0,320
376,2022-03-30,0,0,348
376,2022-05-10,0,0,341
376,2022-05-25,0,0,491
376,2022-06-07,30,0,0
376,2022-06-19,0,2,0
377,2022-03-20,21,0,0
377,2022-04-03,0,2,0
377,2022-05-11,0,2,0
377,2022-06-17,0,1,0
378,2022-05-09,2,0,0
378,2022-07-03,0,0,301
379,2022-03-03,0,0,221
379,2022-03-10,0,0,187
379,2022-03-11,40,0,0
379,2022-03-17,0,0,383
379,2022-03-19,0,0,347
379,2022-03-24,0,0,268
379,2022-05-03,15,0,0
379,2022-05-22,0,0,214
379,2022-05-24,0,1,0
379,2022-06-06,0,1,0
379,2022-06-13,0,2,0
380,2022-03-03,21,0,0
380,2022-03-20,2,0,0
380,2022-03-27,0,2,0
380,2022-05-30,0,0,210
380,2022-05-31,0,1,0
380,2022-06-03,13,0,0
381,2022-04-02,0,2,0
381,2022-04-07,0,0,198
381,2022-05-22,0,1,0
381,2022-06-15,34,0,0
381,2022-06-18,0,0,419
381,2022-06-24,0,2,0
382,2022-03-03,45,0,0
382,2022-03-14,0,0,262
382,2022-03-19,12,0,0
382,2022-04-06,0,0,178
382,2022-05-12,0,1,0
382,2022-05-16,39,0,0
382,2022-05-25,15,0,0
382,2022-06-03,37,0,0
383,2022-04-14,0,0,466
383,2022-04-15,0,2,0
383,2022-04-17,0,0,253
383,2022-05-03,35,0,0
383,2022-06-12,40,0,0
383,2022-06-24,0,0,107
383,2022-06-30,0,0,308
384,2022-03-16,0,2,0
384,2022-04-05,0,2,0
384,2022-04-19,0,2,0
384,2022-05-02,0,0,313
384,2022-05-18,0,1,0
384,2022-05-22,14,0,0
384,2022-06-20,0,0,234
384,2022-06-22,0,0,493
385,2022-03-24,21,0,0
385,2022-04-05,0,1,0
385,2022-04-14,42,0,0
385,2022-06-18,14,0,0
385,2022-06-24,0,1,0
386,2022-03-07,40,0,0
386,2022-03-14,0,0,238
386,2022-03-29,7,0,0
386,2022-04-11,0,2,0
386,2022-05-07,0,2,0
386,2022-05-09,46,0,0
386,2022-06-29,0,0,120
387,2022-03-04,0,0,194
387,2022-04-14,0,2,0
387,2022-04-17,1,0,0
387,2022-04-29,0,1,0
387,2022-05-28,0,0,306
387,2022-06-17,0,2,0
388,2022-03-28,0,0,250
388,2022-04-11,11,0,0
388,2022-04-13,0,0,224
388,2022-04-17,42,0,0
388,2022-04-25,0,2,0
388,2022-04-27,0,2,0
388,2022-05-05,0,0,329
388,2022-06-12,0,1,0
389,2022-03-06,0,2,0
389,2022-03-09,17,0,0
389,2022-03-23,0,2,0
389,2022-04-12,12,0,0
389,2022-04-21,32,0,0
389,2022-05-11,0,2,0
389,2022-05-30,0,0,164
389,2022-06-01,27,0,0
390,2022-03-08,0,2,0
390,2022-03-12,2,0,0
390,2022-03-26,0,1,0
390,2022-04-20,0,1,0
390,2022-05-10,0,0,423
390,2022-05-31,0,0,419
391,2022-03-01,0,0,164
391,2022-03-26,3,0,0
391,2022-04-08,0,2,0
391,2022-05-08,11,0,0
392,2022-03-18,0,0,228
392,2022-03-23,0,0,246
392,2022-04-08,13,0,0
392,2022-04-26,11,0,88
392,2022-06-06,0,2,0
392,2022-06-15,0,0,242
392,2022-06-22,0,1,0
392,2022-06-24,0,0,452
393,2022-03-19,0,1,0
393,2022-03-30,25,0,0
393,2022-04-04,0,0,278
393,2022-04-16,22,0,0
393,2022-05-11,32,0,0
393,2022-05-20,0,0,442
393,2022-06-21,0,2,0
393,2022-06-30,0,0,482
394,2022-03-12,29,0,0
394,2022-03-26,41,0,0
394,2022-03-29,0,0,430
394,2022-04-07,0,2,0
394,2022-04-12,0,0,358
394,2022-06-28,0,0,181
394,2022-07-01,0,2,0
394,2022-07-02,47,0,0
395,2022-03-03,0,2,0
395,2022-03-31,0,1,0
395,2022-04-02,0,0,476
395,2022-05-03,0,0,413
395,2022-05-10,0,2,0
395,2022-06-25,41,0,0
396,2022-03-04,9,0,0
396,2022-03-22,0,0,407
396,2022-04-02,5,0,0
396,2022-04-09,0,1,0
396,2022-04-12,0,0,474
396,2022-04-30,0,2,0
396,2022-05-07,18,0,0
396,2022-05-25,45,0,0
396,2022-06-23,28,0,0
396,2022-06-27,0,0,213
396,2022-06-30,38,0,0
397,2022-03-16,0,0,339
397,2022-03-30,0,0,102
397,2022-05-06,0,2,0
398,2022-03-01,37,0,0
398,2022-03-03,0,2,0
398,2022-03-17,20,0,0
398,2022-03-21,0,0,401
398,2022-04-19,0,0,219
398,2022-05-06,0,0,316
398,2022-06-06,0,1,0
398,2022-06-23,0,2,0
398,2022-06-27,0,2,0
399,2022-04-16,0,2,0
399,2022-04-23,38,0,0
399,2022-05-12,1,0,0
399,2022-05-15,0,1,0
399,2022-05-20,36,0,0
399,2022-06-15,0,0,151
400,2022-03-18,0,1,0
400,2022-05-18,0,0,149
400,2022-06-08,0,1,0
401,2022-03-15,25,0,0
401,2022-03-26,0,0,103
401,2022-04-01,0,0,492
401,2022-04-20,0,0,303
401,2022-04-21,0,0,195
401,2022-06-21,7,0,0
402,2022-03-02,0,2,0
402,2022-03-11,0,2,0
402,2022-03-14,0,0,349
402,2022-05-06,1,0,0
403,2022-03-02,46,0,0
403,2022-03-12,0,0,287
403,2022-03-18,0,1,0
403,2022-03-21,10,0,0
403,2022-05-02,0,0,434
403,2022-05-23,0,0,98
403,2022-06-04,0,2,0
404,2022-03-05,48,0,0
404,2022-03-22,0,0,467
404,2022-03-30,5,0,0
404,2022-04-01,39,0,0
404,2022-04-15,8,0,0
404,2022-05-19,0,2,0
404,2022-06-03,23,0,0
404,2022-06-21,25,0,0
405,2022-03-02,23,0,0
405,2022-04-10,40,0,0
406,2022-03-02,0,1,0
406,2022-04-01,0,1,0
406,2022-04-07,0,0,339
406,2022-04-12,5,0,0
406,2022-04-14,44,0,0
406,2022-05-31,0,0,423
406,2022-06-07,36,0,0
406,2022-06-13,0,0,135
406,2022-07-03,7,0,0
407,2022-03-10,0,2,0
407,2022-03-26,0,2,0
407,2022-04-06,42,0,0
407,2022-04-28,43,0,0
407,2022-05-13,14,0,0
407,2022-05-24,0,1,0
407,2022-06-05,0,0,191
407,2022-06-06,3,0,0
407,2022-06-28,37,0,0
408,2022-06-05,11,0,0
408,2022-06-11,0,0,180
408,2022-06-18,0,0,386
409,2022-04-23,0,1,0
409,2022-04-24,0,1,0
409,2022-04-25,0,1,0
409,2022-06-13,0,2,0
409,2022-06-17,0,0,405
409,2022-06-30,0,0,268
410,2022-03-10,0,0,396
410,2022-03-18,41,0,0
410,2022-04-16,41,0,0
410,2022-04-25,0,0,341
410,2022-04-30,48,0,0
410,2022-05-13,0,1,0
410,2022-06-22,23,0,0
410,2022-06-28,0,0,442
411,2022-03-14,0,0,153
411,2022-05-21,0,0,406
411,2022-06-02,19,0,0
411,2022-07-01,0,2,0
411,2022-07-03,16,0,0
412,2022-03-11,34,0,0
412,2022-03-14,0,0,404
412,2022-04-03,0,0,244
412,2022-04-21,0,0,86
412,2022-04-26,48,0,0
412,2022-05-09,0,2,0
412,2022-05-28,19,0,0
413,2022-03-22,0,1,0
413,2022-04-11,20,0,0
413,2022-06-02,0,2,0
413,2022-06-19,0,1,0
413,2022-06-20,7,0,0
414,2022-03-05,7,0,0
414,2022-03-13,0,0,257
414,2022-03-24,0,2,0
414,2022-04-12,0,1,0
414,2022-04-29,31,0,0
414,2022-05-23,0,0,345
414,2022-06-08,19,0,0
415,2022-03-29,0,0,223
415,2022-04-04,0,2,0
415,2022-04-12,0,0,450
415,2022-06-18,0,0,217
415,2022-06-21,33,0,0
416,2022-03-24,0,0,121
416,2022-03-28,0,0,345
416,2022-04-07,24,0,0
416,2022-05-29,0,0,87
416,2022-05-31,0,2,0
416,2022-06-19,0,1,0
416,2022-06-26,0,2,0
416,2022-06-29,0,0,299
417,2022-03-06,0,2,0
418,2022-03-09,40,0,0
418,2022-03-21,42,0,0
418,2022-03-27,10,0,0
418,2022-04-08,0,1,0
418,2022-04-23,0,2,0
418,2022-05-30,0,2,0
418,2022-06-25,26,0,0
419,2022-04-16,0,2,0
419,2022-04-22,0,1,0
419,2022-04-30,0,0,393
419,2022-05-12,0,1,0
419,2022-05-24,0,1,0
420,2022-04-07,0,0,321
420,2022-04-23,0,0,249
420,2022-05-06,11,0,0
420,2022-06-11,0,0,254
420,2022-06-30,0,2,0
421,2022-04-15,0,2,0
421,2022-04-19,22,0,0
421,2022-04-27,0,0,163
421,2022-05-01,0,0,136
421,2022-05-19,46,0,0
421,2022-06-02,0,0,198
421,2022-06-28,0,0,91
422,2022-05-12,0,0,243
422,2022-06-01,49,0,0
422,2022-06-03,0,2,0
423,2022-03-16,0,2,0
423,2022-04-09,40,0,0
423,2022-04-16,0,0,288
423,2022-05-26,30,0,0
423,2022-06-30,0,2,0
423,2022-07-01,0,0,226
424,2022-03-26,39,0,0
424,2022-03-28,38,0,0
424,2022-04-25,2,0,0
424,2022-06-04,0,2,0
424,2022-06-11,39,0,0
424,2022-06-19,0,2,0
424,2022-06-28,27,0,0
425,2022-03-11,0,2,0
425,2022-03-25,42,0,0
425,2022-04-03,32,0,0
425,2022-04-08,43,0,0
425,2022-04-23,0,2,0
425,2022-05-11,0,1,0
425,2022-05-24,0,0,171
425,2022-06-03,0,0,403
426,2022-03-08,0,2,0
426,2022-03-19,0,0,356
426,2022-04-17,47,0,0
426,2022-04-23,0,1,0
426,2022-04-26,0,0,207
426,2022-05-25,0,0,473
426,2022-06-14,0,0,291
426,2022-06-15,0,0,187
427,2022-03-08,0,0,399
427,2022-03-15,0,0,327
427,2022-04-04,28,0,0
427,2022-05-13,0,2,0
427,2022-05-26,27,0,0
427,2022-05-31,0,0,208
428,2022-05-23,0,0,391
428,2022-06-16,14,0,0
428,2022-06-25,0,1,0
429,2022-03-06,28,0,0
429,2022-03-09,0,0,98
429,2022-04-25,22,0,0
429,2022-05-04,0,0,139
429,2022-05-17,0,2,0
429,2022-05-19,0,1,0
429,2022-06-27,0,0,144
430,2022-03-01,0,0,388
430,2022-03-08,0,0,439
430,2022-03-22,40,0,0
430,2022-03-30,0,0,498
430,2022-03-31,0,2,0
430,2022-04-05,33,0,0
430,2022-04-16,0,1,0
430,2022-05-14,20,0,0
430,2022-05-25,33,0,0
430,2022-06-02,0,2,0
430,2022-06-23,30,0,0
431,2022-05-19,0,2,0
432,2022-03-28,0,2,0
432,2022-04-14,0,0,182
432,2022-04-16,0,1,0
432,2022-04-18,0,0,226
432,2022-04-25,0,1,0
432,2022-05-11,14,0,0
433,2022-03-04,0,0,163
433,2022-03-06,37,0,0
433,2022-03-17,0,2,0
433,2022-03-26,0,1,0
433,2022-04-02,43,0,0
433,2022-04-11,12,0,0
433,2022-04-12,0,0,162
433,2022-06-15,0,2,0
434,2022-03-19,0,0,491
434,2022-04-16,0,1,478
435,2022-03-17,0,0,260
435,2022-03-28,15,0,0
435,2022-04-17,0,2,0
435,2022-04-26,0,0,130
435,2022-06-03,46,0,0
436,2022-04-17,0,2,0
436,2022-06-02,0,0,855
437,2022-03-24,0,0,467
437,2022-04-14,33,0,0
437,2022-04-28,44,0,0
437,2022-05-01,0,1,0
437,2022-05-20,0,0,153
437,2022-06-17,0,0,85
437,2022-06-28,0,2,0
438,2022-05-12,0,0,285
438,2022-05-17,0,0,286
438,2022-05-18,33,0,0
438,2022-05-21,0,0,461
438,2022-05-31,48,0,0
438,2022-06-25,0,1,0
439,2022-03-16,28,0,0
439,2022-04-13,0,0,495
439,2022-04-20,0,1,0
439,2022-05-03,0,0,308
440,2022-04-02,0,2,0
440,2022-04-04,0,0,465
440,2022-04-05,0,0,322
440,2022-04-12,0,2,0
441,2022-03-12,0,2,0
441,2022-06-15,0,0,347
441,2022-06-25,36,0,0
442,2022-03-28,0,0,342
442,2022-04-27,0,0,430
442,2022-06-02,0,1,0
443,2022-03-16,0,1,0
443,2022-04-29,45,0,0
443,2022-05-20,34,0,0
443,2022-05-23,0,0,475
443,2022-06-13,0,0,406
443,2022-06-14,30,0,0
444,2022-03-10,45,0,0
444,2022-03-21,33,0,0
444,2022-04-13,0,2,0
444,2022-04-26,0,0,461
445,2022-03-08,6,0,0
445,2022-04-10,0,0,258
445,2022-05-06,0,1,0
445,2022-05-08,0,0,245
445,2022-05-18,0,0,97
445,2022-05-26,0,1,0
445,2022-06-01,5,0,0
445,2022-06-16,0,2,0
445,2022-06-19,11,0,0
445,2022-06-22,0,1,0
446,2022-03-25,0,0,466
446,2022-05-14,40,0,0
447,2022-03-19,0,0,403
447,2022-04-07,0,2,0
447,2022-05-13,11,0,0
447,2022-06-13,0,2,0
447,2022-06-22,0,0,191
448,2022-03-19,24,0,0
448,2022-04-01,0,1,0
448,2022-04-08,6,0,0
448,2022-05-14,2,0,0
448,2022-06-01,0,0,421
448,2022-06-29,0,0,204
448,2022-07-03,0,0,182
449,2022-04-09,18,0,0
449,2022-05-02,24,0,0
449,2022-06-12,39,0,0
449,2022-06-14,0,2,0
449,2022-07-03,0,0,141
450,2022-04-11,0,1,0
450,2022-04-19,21,0,0
450,2022-04-26,0,1,0
450,2022-05-02,20,0,0
450,2022-05-07,16,0,0
450,2022-05-26,0,0,284
450,2022-06-23,9,0,0
451,2022-03-24,0,1,0
451,2022-04-12,0,1,0
451,2022-04-14,0,1,0
451,2022-05-01,0,0,171
451,2022-05-05,0,0,251
451,2022-05-09,0,1,0
452,2022-03-20,2,0,0
452,2022-04-06,25,0,0
452,2022-04-08,8,0,0
452,2022-06-08,0,2,0
452,2022-06-23,48,0,0
452,2022-06-29,0,0,323
452,2022-07-01,34,0,0
452,2022-07-02,0,0,127
453,2022-03-20,0,0,378
453,2022-03-23,0,1,0
453,2022-05-11,0,2,0
453,2022-06-02,13,0,0
453,2022-06-08,41,0,0
453,2022-06-25,0,0,206
454,2022-03-10,0,1,0
454,2022-03-14,0,0,280
454,2022-04-09,0,0,280
454,2022-04-30,0,0,169
454,2022-06-09,0,0,95
454,2022-06-16,8,0,0
454,2022-06-28,0,0,269
455,2022-04-18,0,0,432
455,2022-06-06,48,0,0
456,2022-03-15,0,2,0
456,2022-03-27,0,2,0
456,2022-04-21,7,0,0
456,2022-05-22,49,0,0
457,2022-03-08,0,2,0
457,2022-03-15,0,0,334
457,2022-04-28,0,0,416
457,2022-05-20,8,0,0
458,2022-04-14,0,2,0
458,2022-04-19,0,1,0
458,2022-05-24,0,0,476
458,2022-05-26,0,0,192
458,2022-05-29,0,0,316
458,2022-06-25,0,0,451
459,2022-03-23,21,0,0
459,2022-04-17,23,0,0
459,2022-05-16,38,0,0
459,2022-05-17,0,0,357
459,2022-05-20,0,0,432
459,2022-06-15,0,0,123
460,2022-03-29,0,0,373
460,2022-04-24,17,0,0
460,2022-05-11,0,2,0
460,2022-05-12,15,0,0
460,2022-05-23,41,0,0
460,2022-05-30,0,0,127
460,2022-06-04,0,0,286
460,2022-06-06,33,0,0
460,2022-06-15,1,0,0
460,2022-06-29,16,0,0
461,2022-03-01,0,2,0
461,2022-03-04,0,1,0
461,2022-03-25,8,0,0
461,2022-04-17,0,0,347
461,2022-04-29,0,1,0
461,2022-05-06,19,0,0
461,2022-05-28,8,0,0
461,2022-06-30,0,0,106
462,2022-05-04,0,0,296
462,2022-05-14,11,0,0
462,2022-05-20,0,1,0
462,2022-06-10,0,0,480
462,2022-06-20,0,1,0
462,2022-06-23,0,1,0
463,2022-03-22,0,2,0
463,2022-04-29,0,0,457
463,2022-05-02,40,0,0
463,2022-05-06,0,1,0
463,2022-05-27,0,1,0
463,2022-05-28,41,0,0
464,2022-03-13,0,2,0
464,2022-04-29,45,0,345
464,2022-04-30,41,0,0
464,2022-06-17,0,2,0
465,2022-06-03,0,0,296
465,2022-06-06,46,0,0
466,2022-03-01,0,0,465
466,2022-03-07,0,2,0
466,2022-03-26,15,0,0
466,2022-04-29,0,1,0
466,2022-05-03,0,1,0
466,2022-05-17,40,0,0
467,2022-03-31,0,0,183
467,2022-04-20,18,0,0
467,2022-04-22,21,0,0
467,2022-05-01,48,0,0
467,2022-05-07,0,0,474
467,2022-05-23,0,1,0
467,2022-05-26,0,2,0
467,2022-06-04,0,2,0
467,2022-07-01,0,0,460
468,2022-03-04,0,0,258
468,2022-04-09,32,0,0
468,2022-04-16,0,2,283
468,2022-05-20,0,2,0
469,2022-03-27,48,0,0
469,2022-03-31,49,0,0
469,2022-04-12,28,0,0
469,2022-04-22,0,0,94
469,2022-05-06,37,0,0
469,2022-05-19,0,1,0
469,2022-06-19,6,0,0
470,2022-03-23,0,0,232
470,2022-04-06,42,0,0
470,2022-04-17,0,0,230
470,2022-04-24,0,2,0
470,2022-05-02,0,1,0
470,2022-06-05,0,0,125
470,2022-07-02,11,0,0
471,2022-03-31,4,0,0
471,2022-05-08,0,0,308
471,2022-05-20,49,0,0
471,2022-05-30,48,2,0
471,2022-07-03,0,2,0
472,2022-03-12,26,0,0
472,2022-04-11,0,1,0
472,2022-04-16,0,0,214
472,2022-05-04,0,0,164
472,2022-06-02,41,0,0
473,2022-03-02,25,0,0
473,2022-03-03,0,0,185
473,2022-03-30,13,0,0
473,2022-04-04,0,0,228
473,2022-04-14,19,0,0
473,2022-04-18,17,0,0
473,2022-05-15,0,2,0
473,2022-05-19,0,0,129
473,2022-06-09,6,0,0
474,2022-04-26,0,0,308
474,2022-04-28,29,0,0
474,2022-05-08,0,0,331
474,2022-05-10,26,0,0
474,2022-06-30,21,0,0
475,2022-04-20,31,0,0
475,2022-05-25,20,0,0
475,2022-06-07,0,0,176
476,2022-03-28,21,0,0
476,2022-04-30,0,0,103
476,2022-05-07,0,0,479
476,2022-06-05,24,0,0
476,2022-06-26,25,0,0
477,2022-03-14,14,0,0
477,2022-03-20,0,1,0
477,2022-03-21,0,0,478
477,2022-03-22,6,0,0
477,2022-03-23,0,0,159
477,2022-04-08,38,0,0
477,2022-04-10,0,1,0
477,2022-04-13,0,1,0
477,2022-05-24,47,0,0
477,2022-05-30,0,0,445
477,2022-06-05,0,2,0
477,2022-07-03,29,0,0
478,2022-03-08,0,0,402
478,2022-05-05,0,0,100
478,2022-05-21,0,0,261
479,2022-05-25,8,0,0
480,2022-04-27,19,0,0
481,2022-03-15,35,0,0
481,2022-04-24,0,0,182
481,2022-05-27,35,0,0
481,2022-06-11,0,0,443
482,2022-04-21,0,0,309
482,2022-06-04,0,0,241
482,2022-06-05,0,0,374
482,2022-06-27,0,0,343
483,2022-03-12,0,1,0
483,2022-03-27,0,0,348
483,2022-06-04,21,0,0
483,2022-06-09,0,1,0
483,2022-06-14,0,1,0
483,2022-07-01,0,1,0
483,2022-07-02,0,0,154
484,2022-03-01,0,2,0
484,2022-03-13,0,2,0
484,2022-03-20,0,0,350
484,2022-04-02,35,0,0
484,2022-05-26,27,0,0
485,2022-03-19,0,0,188
485,2022-04-10,15,0,0
485,2022-04-15,0,1,0
485,2022-05-14,15,0,0
485,2022-06-15,20,0,0
486,2022-04-11,37,0,0
486,2022-04-13,0,0,215
486,2022-05-21,0,0,268
486,2022-05-23,31,0,0
486,2022-05-25,22,0,0
486,2022-06-11,0,0,284
487,2022-03-11,0,1,0
487,2022-03-22,0,0,339
487,2022-04-07,42,0,0
487,2022-05-19,0,1,0
487,2022-05-28,10,0,0
487,2022-05-30,0,0,450
487,2022-06-17,0,2,0
488,2022-03-10,48,0,0
488,2022-03-11,0,2,0
488,2022-03-19,0,2,0
488,2022-04-01,0,0,486
488,2022-04-03,0,0,120
488,2022-04-04,0,0,315
488,2022-04-05,10,0,0
488,2022-04-12,0,2,0
488,2022-04-24,18,0,0
488,2022-04-28,0,1,0
488,2022-05-03,0,0,81
488,2022-05-23,0,1,0
488,2022-06-08,31,0,0
488,2022-06-11,0,0,340
488,2022-06-15,0,0,412
489,2022-03-08,30,0,0
489,2022-05-08,0,2,0
489,2022-06-07,18,0,0
489,2022-07-02,0,2,0
490,2022-03-07,0,2,0
490,2022-03-16,33,0,0
490,2022-05-14,0,1,0
490,2022-05-16,0,1,0
490,2022-06-14,13,0,0
490,2022-06-23,0,0,166
491,2022-03-27,36,0,0
491,2022-03-31,42,0,0
491,2022-04-19,20,0,0
491,2022-05-13,0,1,0
491,2022-06-03,38,2,0
491,2022-06-22,0,2,0
492,2022-04-09,39,0,0
492,2022-04-17,14,0,0
492,2022-04-27,0,2,0
492,2022-05-13,44,0,0
493,2022-03-08,0,1,0
493,2022-03-19,0,0,233
493,2022-03-29,0,0,345
493,2022-06-08,0,0,457
493,2022-06-21,0,0,489
494,2022-03-16,0,0,479
494,2022-03-20,0,0,96
494,2022-05-27,0,0,380
494,2022-05-28,0,1,0
494,2022-06-26,5,0,0
494,2022-06-29,0,2,0
495,2022-03-24,0,0,491
495,2022-04-11,25,0,0
495,2022-04-20,0,0,152
495,2022-04-25,0,2,0
495,2022-05-03,0,2,0
495,2022-05-05,3,0,0
495,2022-05-13,0,0,185
495,2022-05-16,0,2,0
495,2022-05-19,0,0,80
495,2022-05-30,0,0,148
495,2022-06-03,0,2,0
495,2022-06-06,16,0,0
495,2022-06-13,13,0,0
496,2022-03-12,19,0,0
496,2022-04-10,0,2,0
496,2022-04-19,0,1,0
496,2022-05-02,0,2,0
496,2022-05-20,0,0,237
496,2022-06-21,0,2,0
497,2022-04-15,31,0,0
497,2022-05-11,0,2,0
497,2022-05-21,0,2,0
498,2022-03-05,42,0,0
498,2022-04-06,0,0,489
498,2022-04-22,40,0,0
498,2022-05-15,0,0,433
498,2022-05-30,0,2,0
498,2022-06-19,0,1,0
499,2022-03-16,0,0,260
499,2022-03-28,0,0,349
499,2022-03-31,0,0,232
499,2022-04-02,0,1,0
499,2022-04-30,28,0,0
499,2022-05-13,0,1,0
499,2022-05-22,0,0,409
499,2022-06-04,19,0,0
500,2022-03-18,22,0,0
500,2022-03-20,0,0,193
500,2022-04-08,0,0,129
500,2022-04-28,0,0,322
500,2022-05-24,27,0,0
